{
    "schema_version": "2.0.0",
    "uuid": "09a21eff-1a81-414f-8383-569d36d933f7",
    "devices": [
        {
            "board_id": 13,
            "fw_id": 10,
            "sn": "0035001B5752501520353339",
            "components": [
                {
                    "lis2du12_acc": {
                        "odr": 7,
                        "fs": 3,
                        "enable": false,
                        "samples_per_ts": 1000,
                        "dim": 3,
                        "ioffset": 0,
                        "measodr": 0,
                        "usb_dps": 0,
                        "sd_dps": 2048,
                        "sensitivity": 0.00048799999058246623,
                        "data_type": "int16",
                        "sensor_category": 0,
                        "c_type": 0,
                        "stream_id": -1,
                        "ep_id": -1
                    }
                },
                {
                    "lis2mdl_mag": {
                        "odr": 3,
                        "fs": 0,
                        "enable": false,
                        "samples_per_ts": 100,
                        "dim": 3,
                        "ioffset": 0,
                        "measodr": 0,
                        "usb_dps": 0,
                        "sd_dps": 512,
                        "sensitivity": 0.001500000013038516,
                        "data_type": "int16",
                        "sensor_category": 0,
                        "c_type": 0,
                        "stream_id": -1,
                        "ep_id": -1
                    }
                },
                {
                    "lps22df_press": {
                        "odr": 7,
                        "fs": 0,
                        "enable": false,
                        "samples_per_ts": 200,
                        "dim": 1,
                        "ioffset": 0,
                        "measodr": 0,
                        "usb_dps": 0,
                        "sd_dps": 512,
                        "sensitivity": 1,
                        "data_type": "float",
                        "sensor_category": 0,
                        "c_type": 0,
                        "stream_id": -1,
                        "ep_id": -1
                    }
                },
                {
                    "mp23db01hp_mic": {
                        "odr": 2,
                        "aop": 0,
                        "enable": false,
                        "samples_per_ts": 1000,
                        "dim": 1,
                        "ioffset": 0,
                        "measodr": 0,
                        "usb_dps": 0,
                        "sd_dps": 31744,
                        "sensitivity": 1,
                        "data_type": "int16",
                        "sensor_category": 1,
                        "c_type": 0,
                        "stream_id": -1,
                        "ep_id": -1
                    }
                },
                {
                    "lsm6dsv16x_acc": {
                        "odr": 10,
                        "fs": 3,
                        "enable": true,
                        "samples_per_ts": 1000,
                        "dim": 3,
                        "ioffset": 0.1756828874349594,
                        "measodr": 7803.9169921875,
                        "usb_dps": 2304,
                        "sd_dps": 15360,
                        "sensitivity": 0.00048799999058246623,
                        "data_type": "int16",
                        "sensor_category": 0,
                        "c_type": 0,
                        "stream_id": 0,
                        "ep_id": 0
                    }
                },
                {
                    "lsm6dsv16x_gyro": {
                        "odr": 8,
                        "fs": 4,
                        "enable": true,
                        "samples_per_ts": 1000,
                        "dim": 3,
                        "ioffset": 0.1756828874349594,
                        "measodr": 1925.641845703125,
                        "usb_dps": 576,
                        "sd_dps": 15360,
                        "sensitivity": 70,
                        "data_type": "int16",
                        "sensor_category": 0,
                        "c_type": 0,
                        "stream_id": 1,
                        "ep_id": 1
                    }
                },
                {
                    "lsm6dsv16x_mlc": {
                        "enable": false,
                        "samples_per_ts": 1,
                        "ucf_status": false,
                        "dim": 5,
                        "ioffset": 0,
                        "data_type": "int8",
                        "usb_dps": 0,
                        "sd_dps": 0,
                        "sensor_category": 0,
                        "c_type": 0,
                        "stream_id": -1,
                        "ep_id": -1
                    }
                },
                {
                    "stts22h_temp": {
                        "odr": 4,
                        "fs": 0,
                        "enable": false,
                        "samples_per_ts": 200,
                        "dim": 1,
                        "ioffset": 0,
                        "measodr": 0,
                        "usb_dps": 0,
                        "sd_dps": 512,
                        "sensitivity": 1,
                        "data_type": "float",
                        "sensor_category": 0,
                        "c_type": 0,
                        "stream_id": -1,
                        "ep_id": -1
                    }
                },
                {
                    "DeviceInformation": {
                        "manufacturer": "STMicroelectronics",
                        "model": "STEVAL-MKBOXPRO",
                        "swVersion": "1.2.0",
                        "osName": "AzureRTOS",
                        "processorArchitecture": "ARM Cortex-M33",
                        "processorManufacturer": "STMicroelectronics",
                        "totalStorage": 4,
                        "totalMemory": 784
                    }
                },
                {
                    "firmware_info": {
                        "alias": "STBOX_PRO_001",
                        "fw_name": "FP-SNS-DATALOG2_Datalog2",
                        "fw_version": "1.2.1",
                        "part_number": "STEVAL-MKBOXPRO",
                        "device_url": "www.st.com/sensortileboxpro",
                        "fw_url": "https://github.com/STMicroelectronics/fp-sns-datalog2",
                        "mac_address": "eb:0:48:79:f5:30",
                        "c_type": 2
                    }
                },
                {
                    "acquisition_info": {
                        "tags": [
                            {
                                "l": "stationary_upright",
                                "e": true,
                                "ta": "2000-01-01T00:00:26.138Z"
                            },
                            {
                                "l": "stationary_upright",
                                "e": false,
                                "ta": "2000-01-01T00:00:29.295Z"
                            },
                            {
                                "l": "stationary_not_upright",
                                "e": true,
                                "ta": "2000-01-01T00:00:30.381Z"
                            },
                            {
                                "l": "stationary_not_upright",
                                "e": false,
                                "ta": "2000-01-01T00:00:35.985Z"
                            },
                            {
                                "l": "motion",
                                "e": true,
                                "ta": "2000-01-01T00:00:36.379Z"
                            },
                            {
                                "l": "motion",
                                "e": false,
                                "ta": "2000-01-01T00:00:41.978Z"
                            },
                            {
                                "l": "shaken",
                                "e": true,
                                "ta": "2000-01-01T00:00:42.631Z"
                            },
                            {
                                "l": "shaken",
                                "e": false,
                                "ta": "2000-01-01T00:00:45.283Z"
                            }
                        ],
                        "name": "20240212_11_34_06",
                        "description": "20240212_11_34_06",
                        "uuid": "09a21eff-1a81-414f-8383-569d36d933f7",
                        "start_time": "2000-01-01T00:00:22.000Z",
                        "end_time": "2000-01-01T00:00:46.500Z",
                        "data_ext": ".dat",
                        "data_fmt": "HSD_2.0.0",
                        "interface": 1,
                        "schema_version": "2.0.0",
                        "c_type": 2
                    }
                },
                {
                    "tags_info": {
                        "max_tags_num": 100,
                        "sw_tag0": {
                            "label": "stationary_upright",
                            "enabled": true,
                            "status": false
                        },
                        "sw_tag1": {
                            "label": "stationary_not_upright",
                            "enabled": true,
                            "status": false
                        },
                        "sw_tag2": {
                            "label": "motion",
                            "enabled": true,
                            "status": false
                        },
                        "sw_tag3": {
                            "label": "shaken",
                            "enabled": true,
                            "status": false
                        },
                        "sw_tag4": {
                            "label": "SW_TAG_4",
                            "enabled": true,
                            "status": false
                        },
                        "c_type": 2
                    }
                },
                {
                    "log_controller": {
                        "log_status": false,
                        "sd_mounted": true,
                        "controller_type": 0,
                        "c_type": 2
                    }
                },
                {
                    "automode": {
                        "enabled": false,
                        "nof_acquisitions": 0,
                        "start_delay_ms": 0,
                        "datalog_time_length": 0,
                        "idle_time_length": 0,
                        "c_type": 2
                    }
                }
            ]
        }
    ]
}