A_x [g],A_y [g],A_z [g],G_x [mdps],G_y [mdps],G_z [mdps]
-0.448106,0.090768,1.037366,-280.000000,420.000000,140.000000
-0.455914,0.099308,1.042246,-140.000000,280.000000,140.000000
-0.449936,0.106750,1.052982,-140.000000,140.000000,140.000000
-0.437858,0.116754,1.081286,-280.000000,140.000000,280.000000
-0.441762,0.128344,1.097024,-420.000000,140.000000,280.000000
-0.450668,0.119072,1.078968,-560.000000,280.000000,140.000000
-0.443470,0.127612,1.093730,-560.000000,560.000000,-140.000000
-0.434686,0.145668,1.110566,-560.000000,700.000000,-280.000000
-0.429928,0.161650,1.117398,-560.000000,420.000000,-280.000000
-0.428342,0.172508,1.115568,-560.000000,140.000000,-280.000000
-0.422364,0.172142,1.118740,-560.000000,140.000000,-140.000000
-0.422486,0.168726,1.118374,-560.000000,280.000000,0.000000
-0.432002,0.168726,1.112640,-700.000000,420.000000,140.000000
-0.445300,0.165798,1.093974,-700.000000,420.000000,0.000000
-0.456036,0.164700,1.076406,-700.000000,280.000000,0.000000
-0.468724,0.167872,1.061156,-560.000000,140.000000,0.000000
-0.480314,0.178730,1.052860,-560.000000,140.000000,0.000000
-0.494100,0.195322,1.042368,-560.000000,0.000000,140.000000
-0.503860,0.214720,1.036878,-700.000000,0.000000,280.000000
-0.514596,0.231190,1.028704,-840.000000,280.000000,280.000000
-0.524112,0.249124,1.023214,-840.000000,560.000000,140.000000
-0.532042,0.263032,1.014186,-700.000000,420.000000,-140.000000
-0.537166,0.272304,0.998936,-560.000000,140.000000,-280.000000
-0.538020,0.276818,0.987590,-560.000000,0.000000,-280.000000
-0.537776,0.279014,0.977098,-700.000000,0.000000,-280.000000
-0.530090,0.276696,0.969046,-560.000000,140.000000,-280.000000
-0.520330,0.271084,0.960994,-420.000000,140.000000,-140.000000
-0.506300,0.263398,0.957090,-420.000000,280.000000,0.000000
-0.496662,0.249978,0.950502,-560.000000,280.000000,140.000000
-0.483608,0.241072,0.945988,-700.000000,420.000000,140.000000
-0.475190,0.232410,0.940132,-840.000000,280.000000,0.000000
-0.467626,0.226798,0.935862,-840.000000,140.000000,-140.000000
-0.458476,0.225212,0.928664,-840.000000,140.000000,-140.000000
-0.455304,0.225334,0.917928,-840.000000,280.000000,-280.000000
-0.450180,0.226676,0.908168,-840.000000,140.000000,-280.000000
-0.444690,0.234606,0.901214,-840.000000,0.000000,-140.000000
-0.433954,0.245586,0.897188,-840.000000,-140.000000,140.000000
-0.434076,0.260958,0.891332,-700.000000,-140.000000,280.000000
-0.437126,0.279258,0.877302,-700.000000,0.000000,140.000000
-0.442006,0.295972,0.854976,-700.000000,0.000000,0.000000
-0.436760,0.305976,0.835944,-560.000000,140.000000,-140.000000
-0.426146,0.309880,0.813008,-280.000000,140.000000,-140.000000
-0.416386,0.313784,0.793854,-140.000000,140.000000,-140.000000
-0.408456,0.317566,0.773358,-420.000000,140.000000,-140.000000
-0.402966,0.319518,0.756888,-700.000000,420.000000,-280.000000
-0.390034,0.321104,0.748348,-840.000000,560.000000,-140.000000
-0.364536,0.315248,0.763964,-840.000000,560.000000,140.000000
-0.342576,0.324276,0.758230,-560.000000,420.000000,280.000000
-0.321592,0.334036,0.726266,-420.000000,280.000000,140.000000
-0.309148,0.333060,0.720654,-420.000000,280.000000,0.000000
-0.275598,0.317810,0.742370,-560.000000,280.000000,0.000000
-0.259982,0.301828,0.743468,-700.000000,420.000000,0.000000
-0.259738,0.289506,0.736026,-840.000000,560.000000,0.000000
-0.270596,0.279990,0.732610,-840.000000,560.000000,0.000000
-0.277184,0.268888,0.727852,-840.000000,700.000000,0.000000
-0.286578,0.258518,0.717116,-700.000000,560.000000,0.000000
-0.277062,0.239730,0.710162,-560.000000,280.000000,-140.000000
-0.269498,0.221430,0.708820,-560.000000,140.000000,-140.000000
-0.253272,0.198250,0.723460,-560.000000,140.000000,-280.000000
-0.225822,0.164334,0.749690,-560.000000,140.000000,-140.000000
-0.192516,0.123342,0.771528,-420.000000,280.000000,-140.000000
-0.136762,0.078324,0.781410,-420.000000,420.000000,0.000000
-0.090158,0.046482,0.790682,-420.000000,420.000000,140.000000
-0.064294,0.034648,0.811056,-420.000000,280.000000,0.000000
-0.048556,0.021228,0.793854,-420.000000,0.000000,-140.000000
-0.032208,0.014030,0.766404,-560.000000,-280.000000,-140.000000
-0.032208,0.021350,0.758474,-700.000000,-420.000000,0.000000
-0.042334,0.034404,0.758230,-840.000000,-560.000000,140.000000
-0.055144,0.049776,0.762134,-700.000000,-420.000000,140.000000
-0.067954,0.060878,0.763476,-700.000000,-280.000000,280.000000
-0.083082,0.066124,0.758108,-560.000000,0.000000,280.000000
-0.094428,0.055754,0.747372,-700.000000,280.000000,140.000000
-0.144814,-0.032818,0.720044,-840.000000,560.000000,-140.000000
-0.187270,-0.035746,0.715286,-980.000000,700.000000,-280.000000
-0.182756,-0.004026,0.702354,-1120.000000,700.000000,-140.000000
-0.136030,0.022326,0.701500,-1120.000000,560.000000,140.000000
-0.107848,0.004392,0.695522,-980.000000,280.000000,140.000000
-0.079788,-0.029890,0.686982,-840.000000,140.000000,140.000000
-0.085034,-0.056120,0.661240,-700.000000,140.000000,0.000000
-0.075762,-0.076738,0.660630,-700.000000,140.000000,0.000000
-0.037698,-0.014518,0.681248,-700.000000,280.000000,0.000000
-0.036600,0.013908,0.665022,-980.000000,280.000000,140.000000
-0.012200,0.035014,0.674050,-1120.000000,140.000000,140.000000
0.010736,0.068564,0.671854,-1120.000000,0.000000,140.000000
0.050630,0.110898,0.689056,-1120.000000,0.000000,0.000000
0.066612,0.101870,0.678442,-980.000000,0.000000,0.000000
0.089914,0.119072,0.667218,-980.000000,140.000000,0.000000
0.115168,0.129686,0.670634,-980.000000,140.000000,140.000000
0.108702,0.102968,0.628178,-1120.000000,140.000000,140.000000
0.100650,0.107238,0.612440,-1120.000000,0.000000,140.000000
0.099186,0.119194,0.605730,-1120.000000,0.000000,0.000000
0.103212,0.111508,0.606096,-980.000000,0.000000,0.000000
0.093818,0.110654,0.602924,-840.000000,0.000000,0.000000
0.067588,0.107848,0.560346,-560.000000,0.000000,0.000000
0.027328,0.102602,0.503250,-420.000000,140.000000,0.000000
-0.008174,0.116144,0.475068,-280.000000,140.000000,140.000000
-0.040260,0.127124,0.451278,-280.000000,140.000000,140.000000
-0.067954,0.135176,0.439322,-280.000000,-140.000000,140.000000
-0.081496,0.125538,0.431514,-140.000000,-420.000000,140.000000
-0.064904,0.109556,0.416264,-140.000000,-560.000000,0.000000
-0.009638,0.116144,0.442128,-280.000000,-420.000000,140.000000
0.049898,0.133102,0.458720,-420.000000,-140.000000,140.000000
0.100162,0.147132,0.457256,-420.000000,140.000000,280.000000
0.139812,0.165188,0.463600,-280.000000,280.000000,140.000000
0.152012,0.160674,0.459574,0.000000,280.000000,0.000000
0.155916,0.142496,0.468358,0.000000,280.000000,-140.000000
0.157990,0.108702,0.463966,-140.000000,280.000000,0.000000
0.156038,0.055144,0.456890,-280.000000,140.000000,0.000000
0.151280,-0.006466,0.393206,-420.000000,140.000000,-140.000000
0.149328,-0.062220,0.390278,-420.000000,0.000000,-280.000000
0.146766,-0.096746,0.438956,-420.000000,140.000000,-280.000000
0.150914,-0.109800,0.506056,-420.000000,280.000000,0.000000
0.151646,-0.113094,0.490928,-700.000000,420.000000,0.000000
0.154208,-0.111386,0.440176,-840.000000,280.000000,140.000000
0.154208,-0.095892,0.402112,-840.000000,140.000000,0.000000
0.154696,-0.077104,0.411262,-700.000000,140.000000,0.000000
0.163846,-0.072712,0.448594,-560.000000,420.000000,0.000000
0.173728,-0.088206,0.464698,-700.000000,700.000000,0.000000
0.182146,-0.122122,0.454938,-840.000000,560.000000,-140.000000
0.177998,-0.166774,0.446398,-700.000000,420.000000,-140.000000
0.171288,-0.219966,0.446520,-560.000000,0.000000,0.000000
0.162992,-0.276940,0.454084,-560.000000,-140.000000,0.000000
0.161894,-0.332694,0.463722,-560.000000,0.000000,0.000000
0.174338,-0.372100,0.473726,-560.000000,140.000000,0.000000
0.202642,-0.397720,0.480924,-700.000000,280.000000,-140.000000
0.245586,-0.409066,0.484828,-840.000000,280.000000,-140.000000
0.287798,-0.395280,0.500200,-840.000000,280.000000,-280.000000
0.328302,-0.377468,0.522404,-700.000000,280.000000,-280.000000
0.360876,-0.361852,0.539118,-420.000000,420.000000,-280.000000
0.389424,-0.362340,0.565226,-560.000000,280.000000,-140.000000
0.416874,-0.386618,0.596702,-700.000000,140.000000,-140.000000
0.444202,-0.426756,0.633058,-840.000000,-140.000000,-280.000000
0.470798,-0.473848,0.674050,-840.000000,0.000000,-280.000000
0.494832,-0.525088,0.725656,-840.000000,280.000000,-420.000000
0.523380,-0.578768,0.782874,-700.000000,560.000000,-280.000000
0.564128,-0.634034,0.848388,-700.000000,700.000000,-140.000000
0.599752,-0.678686,0.913048,-700.000000,560.000000,0.000000
0.650016,-0.713334,0.973438,-840.000000,420.000000,0.000000
0.694546,-0.727852,1.045784,-840.000000,420.000000,0.000000
0.748104,-0.737002,1.105686,-700.000000,420.000000,140.000000
0.809714,-0.754082,1.177422,-560.000000,280.000000,280.000000
0.868274,-0.772992,1.254892,-560.000000,280.000000,140.000000
0.927932,-0.798002,1.340292,-700.000000,140.000000,140.000000
0.970998,-0.819962,1.428376,-560.000000,0.000000,280.000000
1.000034,-0.848022,1.516338,-560.000000,-140.000000,140.000000
1.011380,-0.893894,1.610156,-560.000000,-140.000000,0.000000
0.988200,-0.929274,1.700802,-560.000000,-140.000000,-280.000000
0.954040,-0.950502,1.791692,-560.000000,0.000000,-280.000000
0.935984,-0.987346,1.878678,-420.000000,140.000000,-140.000000
0.951600,-1.051518,1.938214,-420.000000,420.000000,140.000000
1.032364,-1.187182,1.951390,-420.000000,420.000000,280.000000
0.997960,-1.265018,1.955538,-560.000000,280.000000,280.000000
0.842532,-1.198650,1.892586,-560.000000,140.000000,140.000000
0.817400,-1.248792,1.833172,-700.000000,0.000000,140.000000
0.775676,-1.257210,1.869528,-700.000000,0.000000,140.000000
0.754204,-1.296616,1.926258,-700.000000,0.000000,140.000000
0.713456,-1.332362,2.012756,-840.000000,140.000000,0.000000
0.554246,-1.277462,1.965908,-840.000000,280.000000,-140.000000
0.457134,-1.271118,1.927234,-700.000000,280.000000,-280.000000
0.370392,-1.251110,1.944070,-420.000000,280.000000,-280.000000
0.303658,-1.237324,1.972496,-280.000000,280.000000,-140.000000
0.253272,-1.227564,2.003118,-280.000000,420.000000,0.000000
0.210328,-1.221952,2.020442,-420.000000,420.000000,140.000000
0.131760,-1.193038,1.992748,-560.000000,420.000000,0.000000
0.046604,-1.171322,1.834392,-700.000000,420.000000,-140.000000
-0.042944,-1.166076,1.784494,-840.000000,280.000000,-280.000000
-0.144204,-1.167540,1.751188,-840.000000,280.000000,-140.000000
-0.266082,-1.172176,1.774124,-840.000000,280.000000,-140.000000
-0.393816,-1.181082,1.788154,-700.000000,280.000000,0.000000
-0.510936,-1.188646,1.808528,-560.000000,280.000000,-140.000000
-0.602192,-1.189988,1.835368,-420.000000,420.000000,0.000000
-0.676368,-1.179252,1.860012,-560.000000,560.000000,140.000000
-0.730780,-1.161440,1.880386,-700.000000,560.000000,140.000000
-0.768234,-1.140944,1.904908,-840.000000,420.000000,140.000000
-0.775188,-1.103734,1.938580,-840.000000,420.000000,0.000000
-0.762134,-1.057984,1.968836,-840.000000,560.000000,0.000000
-0.745176,-1.006378,1.995066,-840.000000,840.000000,-140.000000
-0.726144,-0.968680,2.006900,-840.000000,840.000000,-140.000000
-0.699304,-0.948062,2.012512,-700.000000,700.000000,0.000000
-0.682956,-0.926346,2.017514,-560.000000,420.000000,140.000000
-0.683810,-0.889014,2.024102,-420.000000,0.000000,140.000000
-0.693570,-0.853390,2.025200,-420.000000,-140.000000,140.000000
-0.701988,-0.823622,2.014708,-560.000000,-140.000000,0.000000
-0.703696,-0.802516,2.004338,-560.000000,0.000000,0.000000
-0.693082,-0.797392,1.989576,-560.000000,140.000000,0.000000
-0.675026,-0.799344,1.972496,-560.000000,280.000000,0.000000
-0.656848,-0.795318,1.957612,-560.000000,140.000000,0.000000
-0.641110,-0.783728,1.940898,-700.000000,-140.000000,0.000000
-0.624640,-0.779702,1.925648,-980.000000,-280.000000,-140.000000
-0.622688,-0.768234,1.912472,-1120.000000,-140.000000,-280.000000
-0.625982,-0.757864,1.901858,-1120.000000,140.000000,-140.000000
-0.631960,-0.754570,1.864038,-980.000000,420.000000,140.000000
-0.625372,-0.765672,1.816702,-700.000000,420.000000,420.000000
-0.620004,-0.767258,1.773758,-560.000000,140.000000,280.000000
-0.618784,-0.763110,1.753872,-560.000000,-140.000000,280.000000
-0.623542,-0.742980,1.746186,-700.000000,-140.000000,140.000000
-0.625006,-0.717116,1.735694,-840.000000,0.000000,0.000000
-0.619028,-0.684298,1.707634,-840.000000,140.000000,0.000000
-0.620736,-0.644892,1.679452,-700.000000,280.000000,-140.000000
-0.632936,-0.598776,1.651392,-420.000000,420.000000,-280.000000
-0.646356,-0.555222,1.623454,-280.000000,420.000000,-280.000000
-0.659410,-0.515938,1.592588,-280.000000,560.000000,-280.000000
-0.672708,-0.481046,1.560746,-560.000000,420.000000,-280.000000
-0.694790,-0.428586,1.554646,-840.000000,280.000000,-140.000000
-0.712358,-0.386130,1.528660,-980.000000,140.000000,-140.000000
-0.686250,-0.420046,1.410198,-980.000000,0.000000,0.000000
-0.685274,-0.431636,1.320406,-840.000000,0.000000,0.000000
-0.710772,-0.407968,1.274168,-560.000000,140.000000,140.000000
-0.747982,-0.375272,1.240496,-420.000000,140.000000,140.000000
-0.785070,-0.344284,1.206946,-420.000000,140.000000,0.000000
-0.825818,-0.306952,1.176568,-700.000000,140.000000,-280.000000
-0.860954,-0.270108,1.142408,-840.000000,140.000000,-420.000000
-0.887306,-0.242536,1.102270,-840.000000,280.000000,-420.000000
-0.901946,-0.223870,1.060668,-560.000000,420.000000,-280.000000
-0.922564,-0.200324,1.020652,-420.000000,420.000000,-140.000000
-0.949526,-0.162016,0.988810,-560.000000,280.000000,0.000000
-0.978928,-0.120536,0.956602,-700.000000,0.000000,280.000000
-0.993446,-0.085278,0.911706,-840.000000,-140.000000,420.000000
-0.988688,-0.063684,0.863638,-700.000000,-140.000000,560.000000
-0.990030,-0.040870,0.818620,-560.000000,0.000000,420.000000
-0.994788,-0.019276,0.782508,-420.000000,140.000000,280.000000
-1.023946,0.022692,0.752740,-560.000000,280.000000,140.000000
-1.045052,0.050874,0.706746,-700.000000,280.000000,140.000000
-1.035658,0.057828,0.684786,-560.000000,0.000000,140.000000
-1.033096,0.076128,0.629764,-420.000000,0.000000,140.000000
-1.044320,0.104676,0.574620,-420.000000,0.000000,140.000000
-1.040294,0.122000,0.535946,-280.000000,0.000000,280.000000
-1.059204,0.147254,0.487634,-140.000000,0.000000,140.000000
-1.071770,0.171776,0.443226,-140.000000,0.000000,140.000000
-1.065914,0.191052,0.394670,-140.000000,0.000000,0.000000
-1.055178,0.219234,0.344894,-280.000000,140.000000,0.000000
-1.034072,0.248514,0.308172,-420.000000,280.000000,-140.000000
-1.014796,0.286578,0.330498,-700.000000,420.000000,-140.000000
-0.978684,0.306342,0.315492,-840.000000,420.000000,0.000000
-0.928664,0.314150,0.207522,-700.000000,420.000000,0.000000
-0.851682,0.299632,0.059292,-700.000000,420.000000,0.000000
-0.796904,0.296216,-0.061366,-700.000000,280.000000,-140.000000
-0.791170,0.316102,-0.118096,-840.000000,140.000000,-140.000000
-0.803248,0.356118,-0.124928,-840.000000,140.000000,-140.000000
-0.836676,0.401014,-0.117364,-840.000000,140.000000,0.000000
-0.838140,0.424926,-0.097112,-700.000000,420.000000,0.000000
-0.815936,0.432246,-0.099308,-560.000000,560.000000,0.000000
-0.784826,0.418948,-0.113338,-420.000000,560.000000,0.000000
-0.739564,0.388936,-0.144814,-560.000000,420.000000,0.000000
-0.684420,0.349652,-0.169946,-700.000000,280.000000,0.000000
-0.641476,0.312930,-0.203130,-840.000000,140.000000,-140.000000
-0.613538,0.273280,-0.263520,-840.000000,280.000000,-140.000000
-0.602070,0.240462,-0.323788,-980.000000,280.000000,0.000000
-0.599142,0.215330,-0.385154,-1120.000000,280.000000,140.000000
-0.602070,0.193980,-0.427244,-1260.000000,420.000000,140.000000
-0.593164,0.170800,-0.467992,-1400.000000,420.000000,140.000000
-0.579378,0.154696,-0.491660,-1260.000000,420.000000,0.000000
-0.550708,0.142496,-0.511912,-980.000000,420.000000,-140.000000
-0.525698,0.142740,-0.518988,-700.000000,420.000000,-140.000000
-0.503250,0.156160,-0.520330,-700.000000,560.000000,-280.000000
-0.476166,0.164334,-0.543388,-840.000000,700.000000,-280.000000
-0.437736,0.172386,-0.533506,-980.000000,700.000000,-140.000000
-0.402234,0.171166,-0.532530,-840.000000,560.000000,140.000000
-0.369294,0.162870,-0.577182,-700.000000,420.000000,140.000000
-0.363072,0.150304,-0.623664,-560.000000,280.000000,-140.000000
-0.348920,0.121268,-0.602802,-560.000000,140.000000,-420.000000
-0.306708,0.096380,-0.548512,-560.000000,0.000000,-420.000000
-0.237046,0.086254,-0.496662,-560.000000,140.000000,-280.000000
-0.182024,0.080154,-0.484340,-700.000000,280.000000,-140.000000
-0.153598,0.072102,-0.510326,-840.000000,560.000000,-140.000000
-0.126758,0.066734,-0.520696,-700.000000,560.000000,0.000000
-0.106140,0.043676,-0.531432,-560.000000,420.000000,0.000000
-0.081740,0.008784,-0.544486,-420.000000,280.000000,0.000000
-0.047824,-0.029158,-0.544730,-420.000000,140.000000,0.000000
-0.004636,-0.073444,-0.547414,-420.000000,140.000000,0.000000
0.010858,-0.144570,-0.573888,-560.000000,140.000000,140.000000
0.029036,-0.185318,-0.543876,-700.000000,140.000000,0.000000
0.056730,-0.171288,-0.485072,-700.000000,140.000000,0.000000
0.098820,-0.169580,-0.446276,-700.000000,0.000000,-140.000000
0.165920,-0.174094,-0.405284,-700.000000,0.000000,-280.000000
0.218258,-0.177998,-0.362096,-700.000000,0.000000,-420.000000
0.250710,-0.195322,-0.329644,-840.000000,140.000000,-420.000000
0.271450,-0.218868,-0.310734,-980.000000,420.000000,-140.000000
0.286578,-0.241316,-0.283772,-980.000000,560.000000,0.000000
0.275354,-0.269254,-0.321714,-840.000000,420.000000,0.000000
0.307562,-0.293288,-0.203252,-840.000000,280.000000,0.000000
0.341722,-0.309026,-0.130174,-840.000000,280.000000,0.000000
0.372954,-0.336476,-0.130052,-980.000000,280.000000,-140.000000
0.396378,-0.404430,-0.059048,-980.000000,280.000000,-140.000000
0.382592,-0.423950,-0.010980,-840.000000,280.000000,-140.000000
0.364048,-0.446032,-0.061244,-700.000000,280.000000,0.000000
0.332328,-0.488976,-0.064782,-560.000000,0.000000,0.000000
0.402112,-0.502762,0.067954,-420.000000,-140.000000,0.000000
0.534482,-0.529968,0.111752,-420.000000,-140.000000,0.000000
0.641110,-0.549610,0.127734,-560.000000,0.000000,140.000000
0.659654,-0.551440,0.161284,-700.000000,0.000000,140.000000
0.620980,-0.539362,0.223016,-700.000000,0.000000,140.000000
0.594140,-0.539850,0.298046,-700.000000,0.000000,140.000000
0.601948,-0.550952,0.388082,-560.000000,140.000000,0.000000
0.657092,-0.570350,0.482510,-560.000000,280.000000,-140.000000
0.732122,-0.604144,0.570716,-420.000000,140.000000,-280.000000
0.798490,-0.656116,0.663558,-560.000000,140.000000,-420.000000
0.845216,-0.718580,0.736148,-840.000000,0.000000,-280.000000
0.872422,-0.789584,0.793732,-1120.000000,140.000000,-140.000000
0.879376,-0.862418,0.821426,-1260.000000,140.000000,0.000000
0.873276,-0.908900,0.866444,-1260.000000,280.000000,0.000000
0.856318,-0.954284,0.911340,-1260.000000,280.000000,-140.000000
0.843996,-0.982222,0.986492,-980.000000,140.000000,-140.000000
0.846070,-1.011380,1.053470,-840.000000,140.000000,-140.000000
0.862296,-1.021384,1.160830,-840.000000,280.000000,-140.000000
0.883158,-1.021628,1.241228,-980.000000,420.000000,-280.000000
0.890966,-1.017236,1.323944,-1120.000000,280.000000,-280.000000
0.898530,-1.036756,1.371280,-840.000000,0.000000,-140.000000
0.912804,-1.053592,1.408246,-420.000000,-280.000000,140.000000
0.872178,-0.997106,1.441308,-140.000000,-280.000000,280.000000
0.837530,-0.983076,1.458998,-140.000000,-280.000000,140.000000
0.843386,-1.026630,1.461438,-560.000000,-140.000000,0.000000
0.846436,-1.070672,1.471686,-840.000000,140.000000,0.000000
0.818132,-1.094828,1.482178,-1120.000000,280.000000,140.000000
0.779214,-1.121668,1.494012,-1120.000000,280.000000,140.000000
0.739076,-1.155828,1.507676,-980.000000,140.000000,140.000000
0.704062,-1.198040,1.520852,-840.000000,0.000000,0.000000
0.672464,-1.240496,1.536712,-560.000000,0.000000,-140.000000
0.645990,-1.289174,1.563796,-420.000000,140.000000,-140.000000
0.617442,-1.344196,1.589050,-420.000000,280.000000,0.000000
0.590358,-1.401780,1.620770,-420.000000,280.000000,140.000000
0.566080,-1.459486,1.658590,-420.000000,140.000000,0.000000
0.545218,-1.519632,1.692262,-560.000000,140.000000,-140.000000
0.530090,-1.568188,1.718614,-700.000000,140.000000,-140.000000
0.520818,-1.599664,1.741916,-840.000000,140.000000,-140.000000
0.510570,-1.614914,1.768268,-840.000000,280.000000,-140.000000
0.495930,-1.617476,1.783762,-840.000000,280.000000,-280.000000
0.477630,-1.608814,1.798402,-840.000000,280.000000,-140.000000
0.450302,-1.590392,1.812188,-980.000000,280.000000,-140.000000
0.408334,-1.566724,1.820362,-1120.000000,280.000000,0.000000
0.362340,-1.534760,1.846592,-1120.000000,280.000000,0.000000
0.296094,-1.496452,1.868796,-1120.000000,140.000000,0.000000
0.232044,-1.461072,1.899296,-980.000000,-140.000000,0.000000
0.180072,-1.429840,1.943948,-840.000000,-280.000000,0.000000
0.163358,-1.419226,1.976034,-700.000000,-280.000000,0.000000
0.251564,-1.500966,1.959076,-700.000000,0.000000,-140.000000
0.045262,-1.352980,1.971154,-700.000000,280.000000,-140.000000
-0.000122,-1.337608,2.023492,-700.000000,140.000000,0.000000
-0.046970,-1.323212,2.129998,-560.000000,-140.000000,0.000000
-0.108580,-1.302472,2.221254,-560.000000,-280.000000,0.000000
-0.150304,-1.308572,2.277130,-420.000000,-140.000000,0.000000
-0.178852,-1.315892,2.324710,-420.000000,0.000000,0.000000
-0.193370,-1.336022,2.357894,-280.000000,0.000000,0.000000
-0.204350,-1.355786,2.366678,-420.000000,140.000000,0.000000
-0.208498,-1.370792,2.392298,-560.000000,140.000000,-140.000000
-0.213012,-1.373720,2.425970,-700.000000,140.000000,0.000000
-0.226066,-1.361520,2.465620,-700.000000,140.000000,0.000000
-0.246074,-1.347734,2.492338,-700.000000,280.000000,0.000000
-0.270840,-1.319430,2.523936,-560.000000,420.000000,0.000000
-0.290116,-1.290272,2.554924,-420.000000,420.000000,140.000000
-0.313662,-1.256844,2.584082,-280.000000,280.000000,140.000000
-0.328180,-1.217438,2.624342,-420.000000,140.000000,-140.000000
-0.335378,-1.181204,2.646180,-560.000000,0.000000,-420.000000
-0.333670,-1.140700,2.668994,-840.000000,140.000000,-420.000000
-0.299510,-1.113982,2.694370,-980.000000,280.000000,-140.000000
-0.316224,-1.046760,2.701690,-840.000000,560.000000,0.000000
-0.314394,-0.988322,2.704374,-700.000000,700.000000,-140.000000
-0.308538,-0.926590,2.738290,-560.000000,700.000000,-140.000000
-0.292922,-0.871568,2.786968,-420.000000,420.000000,-140.000000
-0.335988,-0.798246,2.826008,-420.000000,280.000000,-140.000000
-0.350262,-0.751886,2.897134,-280.000000,280.000000,0.000000
-0.382348,-0.731634,2.982534,-280.000000,280.000000,0.000000
-0.419314,-0.750056,3.092822,-420.000000,280.000000,-140.000000
-0.479948,-0.795562,3.178466,-700.000000,280.000000,-140.000000
-0.565592,-0.878400,3.240564,-840.000000,420.000000,-140.000000
-0.667828,-0.989908,3.254228,-1120.000000,560.000000,0.000000
-0.730780,-1.124474,3.204574,-1120.000000,560.000000,0.000000
-0.714554,-1.243424,3.219092,-980.000000,420.000000,-140.000000
-0.627446,-1.316990,3.272528,-840.000000,420.000000,-140.000000
-0.493612,-1.323578,3.551908,-700.000000,420.000000,0.000000
-0.395280,-1.286734,3.416488,-560.000000,700.000000,140.000000
-0.164212,-1.371402,2.516860,-560.000000,840.000000,140.000000
-0.036112,-1.342366,2.433534,-560.000000,840.000000,0.000000
-0.024034,-1.273680,2.265174,-700.000000,560.000000,-140.000000
-0.047824,-1.211216,2.170990,-980.000000,420.000000,0.000000
-0.066124,-1.163636,2.045452,-980.000000,280.000000,0.000000
-0.083936,-1.113250,1.929186,-840.000000,280.000000,280.000000
-0.122854,-1.052738,1.850496,-700.000000,140.000000,280.000000
-0.174216,-1.002840,1.796694,-700.000000,140.000000,140.000000
-0.221674,-0.954650,1.745942,-560.000000,280.000000,140.000000
-0.262422,-0.910120,1.709708,-560.000000,420.000000,0.000000
-0.292556,-0.869128,1.702266,-420.000000,560.000000,0.000000
-0.306830,-0.831552,1.722152,-560.000000,560.000000,0.000000
-0.308660,-0.801418,1.733010,-840.000000,420.000000,-140.000000
-0.308416,-0.778116,1.734962,-1120.000000,280.000000,-140.000000
-0.315980,-0.759206,1.720810,-1400.000000,280.000000,0.000000
-0.332572,-0.737612,1.696654,-1260.000000,280.000000,140.000000
-0.354044,-0.712114,1.671644,-1120.000000,140.000000,140.000000
-0.375394,-0.686006,1.643340,-980.000000,140.000000,0.000000
-0.403210,-0.664412,1.610278,-980.000000,0.000000,0.000000
-0.429318,-0.648430,1.567700,-980.000000,0.000000,140.000000
-0.461770,-0.629642,1.526952,-840.000000,280.000000,140.000000
-0.507398,-0.608170,1.480836,-700.000000,420.000000,0.000000
-0.563396,-0.585112,1.428498,-560.000000,280.000000,-280.000000
-0.627324,-0.562664,1.382992,-560.000000,0.000000,-280.000000
-0.691618,-0.540216,1.346514,-700.000000,0.000000,-280.000000
-0.769332,-0.509594,1.314306,-840.000000,420.000000,-280.000000
-0.847412,-0.474702,1.288198,-700.000000,700.000000,-140.000000
-0.917196,-0.434686,1.261480,-560.000000,560.000000,-140.000000
-0.968070,-0.394914,1.231834,-560.000000,280.000000,0.000000
-0.986248,-0.371856,1.206336,-560.000000,0.000000,140.000000
-0.988566,-0.358802,1.179496,-560.000000,0.000000,0.000000
-0.987346,-0.355874,1.148874,-700.000000,140.000000,-280.000000
-0.994178,-0.351116,1.104466,-700.000000,280.000000,-420.000000
-1.008574,-0.341722,1.057984,-700.000000,140.000000,-280.000000
-1.033828,-0.330986,1.007598,-700.000000,-140.000000,0.000000
-1.050664,-0.321714,0.943426,-700.000000,-280.000000,0.000000
-1.057374,-0.312808,0.868396,-700.000000,-140.000000,0.000000
-1.055300,-0.303658,0.795928,-560.000000,0.000000,0.000000
-1.047736,-0.280844,0.724680,-420.000000,280.000000,-140.000000
-1.050786,-0.242292,0.645624,-420.000000,420.000000,-140.000000
-1.053592,-0.196786,0.575352,-280.000000,420.000000,-140.000000
-1.056520,-0.148108,0.503128,-280.000000,280.000000,0.000000
-1.050176,-0.112850,0.436882,-280.000000,0.000000,0.000000
-1.028338,-0.096502,0.371002,-420.000000,-140.000000,0.000000
-1.003694,-0.093818,0.304634,-420.000000,-140.000000,0.000000
-0.968680,-0.100162,0.239364,-560.000000,0.000000,0.000000
-0.925492,-0.110288,0.168970,-700.000000,280.000000,-140.000000
-0.880840,-0.113582,0.107482,-840.000000,560.000000,-280.000000
-0.840702,-0.123708,0.053314,-700.000000,560.000000,-140.000000
-0.799588,-0.141032,-0.016470,-560.000000,560.000000,0.000000
-0.761524,-0.158234,-0.064660,-560.000000,560.000000,0.000000
-0.722484,-0.179706,-0.114924,-560.000000,560.000000,-140.000000
-0.684298,-0.198128,-0.172386,-700.000000,280.000000,-140.000000
-0.651968,-0.209718,-0.221064,-840.000000,280.000000,-140.000000
-0.629886,-0.219478,-0.266936,-980.000000,280.000000,-140.000000
-0.610976,-0.229360,-0.309392,-840.000000,420.000000,-140.000000
-0.583770,-0.246562,-0.350506,-560.000000,420.000000,-140.000000
-0.552294,-0.265228,-0.411018,-280.000000,280.000000,0.000000
-0.513986,-0.278160,-0.481412,-280.000000,280.000000,0.000000
-0.482510,-0.277794,-0.577304,-420.000000,420.000000,0.000000
-0.455426,-0.267790,-0.660386,-700.000000,560.000000,-140.000000
-0.427244,-0.250710,-0.729316,-700.000000,700.000000,-280.000000
-0.402112,-0.229116,-0.808372,-840.000000,560.000000,-280.000000
-0.383202,-0.204960,-0.876936,-980.000000,560.000000,-280.000000
-0.357826,-0.180682,-0.928542,-1120.000000,420.000000,0.000000
-0.329156,-0.161894,-0.960262,-840.000000,280.000000,140.000000
-0.287310,-0.152134,-0.984418,-560.000000,280.000000,280.000000
-0.241926,-0.143960,-0.988932,-140.000000,280.000000,280.000000
-0.199714,-0.131638,-0.994056,-140.000000,280.000000,140.000000
-0.159576,-0.120292,-0.991494,-280.000000,280.000000,-140.000000
-0.132004,-0.106018,-1.005158,-560.000000,280.000000,-280.000000
-0.097478,-0.104310,-1.020408,-700.000000,280.000000,-280.000000
-0.083814,-0.092354,-1.062376,-700.000000,140.000000,-140.000000
-0.061366,-0.092110,-1.052128,-560.000000,0.000000,-140.000000
-0.036966,-0.110776,-1.074820,-420.000000,0.000000,-140.000000
-0.007320,-0.131516,-1.074454,-420.000000,280.000000,-280.000000
0.025864,-0.149694,-1.089216,-420.000000,280.000000,-420.000000
0.076128,-0.167628,-1.101416,-420.000000,280.000000,-280.000000
0.128710,-0.174582,-1.108858,-420.000000,140.000000,0.000000
0.169092,-0.167872,-1.136796,-560.000000,140.000000,140.000000
0.210694,-0.152988,-1.076772,-560.000000,280.000000,0.000000
0.246806,-0.132248,-1.029192,-560.000000,420.000000,-140.000000
0.279258,-0.119072,-1.016992,-420.000000,420.000000,-280.000000
0.303658,-0.113460,-1.001376,-140.000000,280.000000,-140.000000
0.320128,-0.119194,-0.986980,0.000000,280.000000,0.000000
0.330498,-0.131150,-0.963800,-140.000000,420.000000,0.000000
0.334036,-0.146156,-0.938912,-140.000000,420.000000,-140.000000
0.336232,-0.148962,-0.891698,-280.000000,420.000000,-140.000000
0.341600,-0.152256,-0.840702,-420.000000,280.000000,0.000000
0.352458,-0.170678,-0.805078,-700.000000,140.000000,140.000000
0.366732,-0.201910,-0.792512,-700.000000,140.000000,280.000000
0.369416,-0.243024,-0.773480,-840.000000,0.000000,280.000000
0.380152,-0.262788,-0.644282,-700.000000,0.000000,140.000000
0.395646,-0.289872,-0.596336,-560.000000,140.000000,0.000000
0.426878,-0.315858,-0.541680,-420.000000,140.000000,-140.000000
0.463722,-0.343918,-0.473726,-560.000000,140.000000,-140.000000
0.504958,-0.366366,-0.399062,-840.000000,280.000000,-280.000000
0.541680,-0.386984,-0.314760,-980.000000,280.000000,-280.000000
0.567910,-0.416874,-0.227530,-980.000000,420.000000,-140.000000
0.584868,-0.463112,-0.150304,-840.000000,560.000000,0.000000
0.599386,-0.517768,-0.072712,-700.000000,840.000000,140.000000
0.620004,-0.574986,0.008662,-700.000000,840.000000,0.000000
0.646478,-0.617564,0.087108,-560.000000,840.000000,-140.000000
0.678564,-0.644038,0.160796,-560.000000,420.000000,0.000000
0.708576,-0.641720,0.235216,-560.000000,140.000000,0.000000
0.739076,-0.613050,0.305244,-560.000000,0.000000,0.000000
0.770430,-0.572424,0.358070,-700.000000,0.000000,-140.000000
0.804590,-0.532530,0.414312,-700.000000,0.000000,-280.000000
0.842044,-0.500322,0.470676,-700.000000,0.000000,-140.000000
0.871690,-0.478972,0.534726,-700.000000,-140.000000,-140.000000
0.891454,-0.476410,0.611708,-560.000000,-140.000000,0.000000
0.887184,-0.495930,0.688080,-560.000000,0.000000,-140.000000
0.871324,-0.532530,0.770674,-560.000000,280.000000,-280.000000
0.854000,-0.577792,0.847046,-560.000000,420.000000,-420.000000
0.849974,-0.625372,0.922930,-560.000000,280.000000,-140.000000
0.861442,-0.660508,1.004182,-700.000000,0.000000,0.000000
0.884744,-0.686494,1.097024,-700.000000,0.000000,0.000000
0.920368,-0.721630,1.202676,-560.000000,140.000000,0.000000
0.921100,-0.742004,1.379088,-420.000000,140.000000,0.000000
0.948062,-0.785314,1.476810,-420.000000,280.000000,140.000000
0.943182,-0.834114,1.512922,-560.000000,420.000000,140.000000
0.929762,-0.904386,1.567822,-560.000000,560.000000,140.000000
0.921588,-0.944402,1.769854,-700.000000,560.000000,0.000000
0.910608,-1.012112,1.841468,-700.000000,560.000000,0.000000
0.877058,-1.092754,1.860378,-700.000000,420.000000,-140.000000
0.829478,-1.144482,1.901370,-700.000000,280.000000,0.000000
0.769332,-1.173518,1.963712,-560.000000,140.000000,0.000000
0.721752,-1.188646,2.018490,-560.000000,0.000000,140.000000
0.694668,-1.202554,2.075464,-700.000000,0.000000,140.000000
0.669048,-1.214754,2.129754,-700.000000,-140.000000,140.000000
0.640622,-1.224270,2.166720,-700.000000,-140.000000,140.000000
0.603168,-1.241960,2.164890,-560.000000,0.000000,140.000000
0.568886,-1.243790,2.188680,-560.000000,140.000000,140.000000
0.544974,-1.225856,2.201368,-560.000000,140.000000,-140.000000
0.527040,-1.199870,2.206248,-420.000000,280.000000,-280.000000
0.510936,-1.160830,2.226622,-420.000000,280.000000,-280.000000
0.493124,-1.121058,2.251998,-560.000000,280.000000,-140.000000
0.457012,-1.080310,2.260904,-700.000000,280.000000,0.000000
0.399916,-1.026630,2.262368,-840.000000,140.000000,0.000000
0.345992,-0.975390,2.252486,-700.000000,140.000000,0.000000
0.298290,-0.928420,2.243580,-560.000000,280.000000,0.000000
0.226066,-0.857172,2.242116,-560.000000,280.000000,-140.000000
0.171532,-0.811910,2.236260,-700.000000,140.000000,0.000000
0.129320,-0.779214,2.247728,-840.000000,-140.000000,140.000000
0.095404,-0.765428,2.280912,-980.000000,-140.000000,280.000000
0.066368,-0.767746,2.320684,-980.000000,-140.000000,140.000000
0.032208,-0.777140,2.363140,-840.000000,0.000000,0.000000
0.003416,-0.771894,2.422310,-700.000000,0.000000,-140.000000
-0.022204,-0.755302,2.473306,-840.000000,0.000000,-140.000000
-0.036234,-0.723704,2.525766,-840.000000,0.000000,-140.000000
-0.032086,-0.690764,2.568100,-980.000000,0.000000,0.000000
-0.030866,-0.659410,2.603846,-980.000000,140.000000,0.000000
-0.029768,-0.633424,2.609824,-980.000000,420.000000,-140.000000
-0.036234,-0.592676,2.621658,-840.000000,420.000000,-420.000000
-0.053436,-0.546194,2.655818,-700.000000,420.000000,-420.000000
-0.068930,-0.504714,2.680462,-700.000000,280.000000,-280.000000
-0.076250,-0.484218,2.681438,-700.000000,280.000000,0.000000
-0.063928,-0.488122,2.680340,-700.000000,280.000000,0.000000
-0.042822,-0.514962,2.683024,-700.000000,420.000000,0.000000
-0.002806,-0.621224,2.660332,-420.000000,560.000000,-140.000000
-0.043432,-0.718702,2.701690,-280.000000,560.000000,-140.000000
-0.272060,-0.553880,2.806610,-280.000000,280.000000,-140.000000
-0.360754,-0.431880,2.790994,-420.000000,140.000000,0.000000
-0.232654,-0.574742,2.624708,-560.000000,0.000000,0.000000
-0.158112,-0.707112,2.468182,-700.000000,140.000000,-140.000000
-0.167750,-0.751886,2.420114,-700.000000,280.000000,-140.000000
-0.198250,-0.754936,2.409744,-560.000000,0.000000,-280.000000
-0.200446,-0.743834,2.420968,-420.000000,-280.000000,-280.000000
-0.188368,-0.734196,2.401936,-560.000000,-420.000000,-280.000000
-0.170678,-0.720654,2.368752,-560.000000,-140.000000,-280.000000
-0.158112,-0.670756,2.375828,-560.000000,140.000000,-140.000000
-0.130052,-0.635986,2.377048,-560.000000,420.000000,0.000000
-0.118950,-0.589504,2.400472,-420.000000,560.000000,140.000000
-0.112728,-0.571448,2.307874,-420.000000,560.000000,140.000000
-0.110166,-0.584258,2.155618,-280.000000,700.000000,280.000000
-0.134078,-0.586332,2.079490,-420.000000,700.000000,280.000000
-0.126392,-0.591700,2.061312,-560.000000,700.000000,140.000000
-0.187514,-0.615124,2.085346,-560.000000,560.000000,-140.000000
-0.149694,-0.582672,2.090348,-420.000000,560.000000,-280.000000
-0.108824,-0.537044,2.088396,-420.000000,420.000000,-280.000000
-0.122488,-0.487390,2.105354,-280.000000,420.000000,-140.000000
-0.150914,-0.435296,2.110112,-420.000000,420.000000,0.000000
-0.153842,-0.405528,2.106330,-560.000000,420.000000,0.000000
-0.175192,-0.377346,2.096204,-840.000000,420.000000,-140.000000
-0.220454,-0.333670,2.066802,-980.000000,280.000000,-140.000000
-0.268156,-0.297924,2.021296,-840.000000,140.000000,0.000000
-0.324032,-0.258274,1.977620,-700.000000,140.000000,140.000000
-0.400526,-0.204228,1.936018,-420.000000,280.000000,140.000000
-0.450546,-0.194468,1.902712,-280.000000,140.000000,140.000000
-0.498492,-0.177388,1.861476,-420.000000,0.000000,280.000000
-0.518866,-0.166896,1.807430,-700.000000,-140.000000,280.000000
-0.516304,-0.130540,1.790716,-840.000000,0.000000,140.000000
-0.501420,-0.082106,1.776930,-840.000000,140.000000,-140.000000
-0.497272,-0.033184,1.752774,-700.000000,280.000000,-280.000000
-0.513498,0.048190,1.795718,-560.000000,420.000000,-280.000000
-0.553636,0.119804,1.870382,-420.000000,560.000000,-140.000000
-0.566812,0.105042,1.604056,-280.000000,420.000000,-140.000000
-0.594262,0.110410,1.638826,-280.000000,0.000000,-280.000000
-0.614026,0.084058,1.527562,-420.000000,-280.000000,-280.000000
-0.644404,0.086498,1.468148,-840.000000,0.000000,-280.000000
-0.679784,0.092354,1.408002,-980.000000,280.000000,-140.000000
-0.703452,0.087474,1.346880,-840.000000,560.000000,0.000000
-0.681736,0.060878,1.264408,-560.000000,420.000000,140.000000
-0.647820,0.031354,1.134844,-420.000000,140.000000,140.000000
-0.662460,0.025376,1.048102,-280.000000,-140.000000,140.000000
-0.566080,-0.004392,0.962824,-280.000000,-140.000000,280.000000
-0.439810,-0.034404,0.880962,-420.000000,0.000000,140.000000
-0.450912,-0.015006,0.899140,-560.000000,140.000000,140.000000
-0.691984,0.122610,0.909388,-560.000000,140.000000,0.000000
-0.720654,0.154330,0.940376,-280.000000,140.000000,0.000000
-0.592554,0.073322,0.948550,-140.000000,140.000000,140.000000
-0.468236,-0.032818,0.917562,-420.000000,140.000000,140.000000
-0.420778,-0.127490,0.926590,-700.000000,0.000000,280.000000
-0.373198,-0.220332,0.924272,-840.000000,-140.000000,140.000000
-0.457134,-0.190686,0.895236,-840.000000,0.000000,140.000000
-0.450058,-0.158478,0.937570,-700.000000,140.000000,0.000000
-0.423340,-0.192882,0.832406,-700.000000,420.000000,-140.000000
-0.426146,-0.158112,0.742004,-700.000000,560.000000,-140.000000
-0.347944,-0.146766,0.696498,-560.000000,420.000000,-140.000000
-0.290848,-0.218868,0.612196,-420.000000,420.000000,-140.000000
-0.238998,-0.190686,0.649162,-280.000000,420.000000,-140.000000
-0.217160,-0.070272,0.723582,-140.000000,560.000000,-140.000000
-0.363926,0.032208,0.716872,-140.000000,420.000000,0.000000
-0.572790,0.081374,0.662460,0.000000,420.000000,140.000000
-0.700280,0.087352,0.639280,-140.000000,280.000000,140.000000
-0.742858,0.067588,0.628056,-280.000000,280.000000,140.000000
-0.724070,0.040260,0.606340,-420.000000,280.000000,140.000000
-0.672952,0.018178,0.555466,-560.000000,280.000000,140.000000
-0.619394,0.014640,0.495076,-840.000000,280.000000,140.000000
-0.582916,0.023912,0.423218,-980.000000,280.000000,0.000000
-0.572790,0.037210,0.353312,-980.000000,420.000000,0.000000
-0.576084,0.047458,0.286578,-840.000000,280.000000,0.000000
-0.586820,0.051118,0.228750,-700.000000,140.000000,0.000000
-0.598654,0.049898,0.172264,-700.000000,0.000000,0.000000
-0.604022,0.037210,0.122244,-560.000000,-140.000000,0.000000
-0.608780,0.034160,0.076006,-420.000000,-140.000000,140.000000
-0.597556,0.021716,0.043920,-560.000000,-140.000000,0.000000
-0.563884,0.015982,0.008662,-700.000000,140.000000,-140.000000
-0.533140,0.018788,-0.039162,-560.000000,280.000000,-280.000000
-0.529846,0.022814,-0.113948,-420.000000,140.000000,-140.000000
-0.464576,0.003904,-0.118340,-420.000000,0.000000,0.000000
-0.375882,-0.004148,-0.169580,-420.000000,0.000000,0.000000
-0.294630,-0.007198,-0.238022,-560.000000,280.000000,0.000000
-0.254736,0.005124,-0.294752,-700.000000,420.000000,0.000000
-0.295118,0.020130,-0.358558,-980.000000,420.000000,0.000000
-0.310734,-0.008174,-0.471530,-1120.000000,280.000000,0.000000
-0.279502,-0.021838,-0.522404,-1120.000000,140.000000,-140.000000
-0.195200,0.004758,-0.557784,-980.000000,140.000000,-140.000000
-0.139812,0.059780,-0.563640,-840.000000,280.000000,-140.000000
-0.109678,0.023180,-0.538996,-700.000000,420.000000,-140.000000
-0.120658,-0.036234,-0.548756,-420.000000,560.000000,0.000000
-0.131028,-0.075274,-0.665388,-280.000000,700.000000,140.000000
-0.103212,-0.075762,-0.695644,-420.000000,700.000000,140.000000
-0.045994,-0.068686,-0.663436,-420.000000,560.000000,140.000000
0.011224,-0.083326,-0.669414,-420.000000,280.000000,-140.000000
0.065880,-0.133346,-0.694302,-560.000000,280.000000,-280.000000
0.087230,-0.164822,-0.712968,-560.000000,140.000000,-280.000000
0.063074,-0.147742,-0.774578,-560.000000,140.000000,-280.000000
0.061488,-0.118218,-0.891454,-560.000000,140.000000,-140.000000
0.132248,-0.091500,-0.901214,-420.000000,140.000000,0.000000
0.236314,-0.086620,-0.840824,-140.000000,140.000000,0.000000
0.318664,-0.097478,-0.760304,-140.000000,140.000000,140.000000
0.346724,-0.099918,-0.699792,-280.000000,420.000000,140.000000
0.321348,-0.085278,-0.669048,-420.000000,420.000000,280.000000
0.267790,-0.050996,-0.697962,-700.000000,420.000000,280.000000
0.233996,-0.017690,-0.726510,-840.000000,140.000000,140.000000
0.233630,-0.001098,-0.686128,-840.000000,0.000000,-140.000000
0.248148,0.017812,-0.647454,-700.000000,140.000000,-140.000000
0.286090,0.019764,-0.619394,-700.000000,420.000000,-140.000000
0.332206,-0.012932,-0.588162,-700.000000,560.000000,0.000000
0.368440,-0.049532,-0.563030,-560.000000,700.000000,140.000000
0.392718,-0.118828,-0.552294,-280.000000,700.000000,140.000000
0.396256,-0.206058,-0.558882,-140.000000,700.000000,280.000000
0.396744,-0.278038,-0.584380,-140.000000,560.000000,280.000000
0.424560,-0.327326,-0.619882,-280.000000,280.000000,140.000000
0.494222,-0.342942,-0.636840,-420.000000,280.000000,0.000000
0.579622,-0.339892,-0.569862,-560.000000,420.000000,-140.000000
0.650748,-0.315004,-0.489098,-700.000000,560.000000,-140.000000
0.692594,-0.284748,-0.445178,-560.000000,840.000000,-280.000000
0.707722,-0.321836,-0.372832,-560.000000,700.000000,-280.000000
0.680150,-0.316102,-0.305000,-700.000000,420.000000,-280.000000
0.646722,-0.299876,-0.248514,-840.000000,140.000000,-140.000000
0.625738,-0.313662,-0.201056,-980.000000,0.000000,140.000000
0.654164,-0.360632,-0.157502,-980.000000,0.000000,280.000000
0.633546,-0.350262,-0.094062,-700.000000,420.000000,280.000000
0.621224,-0.322812,-0.022570,-560.000000,700.000000,140.000000
0.636108,-0.314760,0.060268,-700.000000,840.000000,0.000000
0.645746,-0.306220,0.145424,-840.000000,560.000000,0.000000
0.652944,-0.288652,0.238632,-980.000000,0.000000,0.000000
0.654530,-0.277672,0.325252,-700.000000,-280.000000,140.000000
0.636840,-0.270352,0.409798,-420.000000,-420.000000,140.000000
0.621224,-0.261690,0.485194,-140.000000,-280.000000,140.000000
0.603534,-0.265960,0.543388,-140.000000,-140.000000,140.000000
0.584136,-0.280478,0.591944,-280.000000,0.000000,140.000000
0.558028,-0.306342,0.632204,-420.000000,0.000000,280.000000
0.536922,-0.345748,0.666608,-700.000000,140.000000,140.000000
0.527772,-0.398574,0.713212,-840.000000,420.000000,140.000000
0.537532,-0.463600,0.762988,-980.000000,420.000000,140.000000
0.557784,-0.532774,0.818986,-980.000000,280.000000,140.000000
0.572912,-0.594140,0.872056,-700.000000,140.000000,0.000000
0.591700,-0.645746,0.934642,-560.000000,0.000000,0.000000
0.605852,-0.690032,0.993202,-700.000000,0.000000,0.000000
0.619516,-0.744200,1.045296,-840.000000,280.000000,0.000000
0.623298,-0.808738,1.089704,-840.000000,420.000000,0.000000
0.612074,-0.874008,1.134234,-560.000000,420.000000,140.000000
0.605608,-0.946476,1.181570,-280.000000,420.000000,140.000000
0.604754,-1.013576,1.224514,-140.000000,280.000000,140.000000
0.603168,-1.068720,1.276608,-280.000000,140.000000,0.000000
0.597800,-1.118130,1.324432,-420.000000,0.000000,-140.000000
0.582550,-1.168882,1.359324,-700.000000,-140.000000,0.000000
0.553026,-1.212802,1.376526,-700.000000,0.000000,0.000000
0.531188,-1.239032,1.410442,-700.000000,140.000000,0.000000
0.534116,-1.257820,1.469124,-560.000000,280.000000,-140.000000
0.537776,-1.273924,1.503040,-560.000000,280.000000,-420.000000
0.542900,-1.283196,1.526342,-560.000000,140.000000,-420.000000
0.579500,-1.310890,1.577826,-700.000000,140.000000,-140.000000
0.589992,-1.304546,1.644194,-700.000000,140.000000,0.000000
0.600484,-1.320894,1.686040,-700.000000,140.000000,0.000000
0.598410,-1.344928,1.727276,-560.000000,140.000000,140.000000
0.593042,-1.365912,1.784372,-560.000000,-140.000000,280.000000
0.601216,-1.378966,1.873798,-700.000000,-280.000000,280.000000
0.611098,-1.397998,1.981524,-700.000000,-140.000000,140.000000
0.611220,-1.413370,2.089738,-700.000000,0.000000,-140.000000
0.601094,-1.414590,2.201368,-840.000000,0.000000,-280.000000
0.600484,-1.394338,2.307020,-840.000000,140.000000,-280.000000
0.593652,-1.376892,2.389858,-700.000000,280.000000,-280.000000
0.593164,-1.338462,2.505026,-560.000000,560.000000,0.000000
0.581574,-1.305522,2.591524,-420.000000,560.000000,140.000000
0.569130,-1.277828,2.677046,-560.000000,420.000000,280.000000
0.545218,-1.274168,2.746464,-700.000000,280.000000,280.000000
0.503860,-1.249280,2.812832,-700.000000,140.000000,0.000000
0.450546,-1.208044,2.853214,-420.000000,0.000000,-280.000000
0.398818,-1.166686,2.880664,-280.000000,0.000000,-280.000000
0.354898,-1.140212,2.890912,-420.000000,280.000000,-280.000000
0.315126,-1.112396,2.921046,-560.000000,420.000000,-140.000000
0.282430,-1.090436,2.942396,-840.000000,280.000000,-140.000000
0.243146,-1.082018,2.945202,-840.000000,0.000000,-140.000000
0.213012,-1.075918,2.937516,-840.000000,0.000000,-280.000000
0.177510,-1.067012,2.932636,-840.000000,280.000000,-280.000000
0.143106,-1.057618,2.920558,-840.000000,560.000000,-140.000000
0.109800,-1.032608,2.914336,-700.000000,700.000000,0.000000
0.085522,-1.009062,2.899086,-700.000000,560.000000,0.000000
0.058682,-0.992470,2.871392,-700.000000,420.000000,140.000000
0.032086,-0.988688,2.836988,-700.000000,420.000000,140.000000
0.013908,-0.995276,2.793190,-560.000000,420.000000,140.000000
-0.017934,-0.994422,2.772084,-420.000000,280.000000,280.000000
-0.038064,-0.988810,2.774646,-280.000000,140.000000,280.000000
-0.053192,-0.978928,2.784528,-420.000000,140.000000,0.000000
-0.061732,-0.972706,2.784772,-560.000000,280.000000,-280.000000
-0.072224,-0.959042,2.800754,-560.000000,280.000000,-420.000000
-0.033550,-0.975878,2.809538,-420.000000,280.000000,-280.000000
-0.123586,-0.902800,2.847846,-280.000000,420.000000,-140.000000
-0.171166,-0.881206,2.857606,-280.000000,560.000000,0.000000
-0.203496,-0.865346,2.865292,-560.000000,840.000000,140.000000
-0.234850,-0.846680,2.885910,-700.000000,840.000000,140.000000
-0.270108,-0.822158,2.914458,-840.000000,700.000000,140.000000
-0.303048,-0.805688,2.935564,-700.000000,420.000000,140.000000
-0.352702,-0.769698,2.979850,-560.000000,140.000000,-140.000000
-0.410652,-0.756400,2.889570,-420.000000,140.000000,-280.000000
-0.451278,-0.746274,2.809294,-420.000000,280.000000,-280.000000
-0.475556,-0.738222,2.771596,-560.000000,420.000000,-140.000000
-0.495808,-0.729560,2.733166,-560.000000,420.000000,0.000000
-0.514962,-0.705648,2.688514,-560.000000,420.000000,140.000000
-0.525820,-0.667584,2.636664,-560.000000,420.000000,140.000000
-0.529968,-0.626958,2.593720,-700.000000,420.000000,140.000000
-0.533262,-0.583648,2.560292,-840.000000,280.000000,140.000000
-0.532774,-0.536800,2.469280,-840.000000,140.000000,140.000000
-0.529358,-0.493368,2.364360,-840.000000,140.000000,0.000000
-0.527650,-0.461038,2.297504,-840.000000,280.000000,-140.000000
-0.533506,-0.442982,2.249558,-980.000000,420.000000,-280.000000
-0.555222,-0.432978,2.172088,-980.000000,420.000000,-280.000000
-0.574620,-0.432246,2.075342,-700.000000,280.000000,-140.000000
-0.583282,-0.429806,2.034594,-280.000000,140.000000,140.000000
-0.591578,-0.423340,1.910276,-140.000000,280.000000,140.000000
-0.573278,-0.419558,1.779248,-280.000000,420.000000,0.000000
-0.538630,-0.421266,1.687992,-420.000000,420.000000,0.000000
-0.493124,-0.430416,1.581974,-560.000000,140.000000,140.000000
-0.439932,-0.438590,1.494256,-560.000000,0.000000,140.000000
-0.388448,-0.449692,1.401780,-420.000000,140.000000,0.000000
-0.343918,-0.453474,1.311988,-280.000000,280.000000,-140.000000
-0.312320,-0.442250,1.215242,-280.000000,420.000000,-140.000000
-0.290726,-0.422730,1.133624,-420.000000,420.000000,0.000000
-0.273646,-0.395402,1.070062,-560.000000,280.000000,0.000000
-0.264008,-0.358558,1.024800,-700.000000,0.000000,140.000000
-0.259494,-0.316590,0.989542,-560.000000,-140.000000,0.000000
-0.271572,-0.277306,0.972096,-420.000000,-140.000000,0.000000
-0.292434,-0.239120,0.966362,-280.000000,140.000000,0.000000
-0.318420,-0.202032,0.976488,-140.000000,420.000000,0.000000
-0.338916,-0.170190,0.997594,-280.000000,280.000000,0.000000
-0.352702,-0.146034,1.017968,-560.000000,140.000000,0.000000
-0.365024,-0.121512,1.046028,-840.000000,0.000000,0.000000
-0.375638,-0.102480,1.070550,-840.000000,0.000000,0.000000
-0.387716,-0.091500,1.082994,-700.000000,140.000000,140.000000
-0.402722,-0.084668,1.074698,-560.000000,140.000000,0.000000
-0.427976,-0.079056,1.058350,-560.000000,140.000000,0.000000
-0.448838,-0.077226,1.019554,-560.000000,0.000000,0.000000
-0.475556,-0.077958,0.979172,-700.000000,-280.000000,0.000000
-0.493856,-0.072468,0.936838,-840.000000,-560.000000,0.000000
-0.520940,-0.058560,0.915366,-700.000000,-700.000000,-140.000000
-0.559614,-0.046848,0.908656,-700.000000,-700.000000,0.000000
-0.597068,-0.040748,0.901824,-700.000000,-420.000000,140.000000
-0.630984,-0.046848,0.894870,-700.000000,-140.000000,140.000000
-0.645380,-0.060756,0.884988,-560.000000,280.000000,0.000000
-0.654652,-0.077104,0.870958,-420.000000,420.000000,-280.000000
-0.673074,-0.092476,0.844728,-280.000000,420.000000,-140.000000
-0.697352,-0.099796,0.805200,-280.000000,420.000000,0.000000
-0.709186,-0.116022,0.737124,-560.000000,420.000000,140.000000
-0.691984,-0.141886,0.718092,-840.000000,280.000000,0.000000
-0.709308,-0.150304,0.685640,-980.000000,0.000000,0.000000
-0.756034,-0.133346,0.645502,-840.000000,-140.000000,-140.000000
-0.788486,-0.117364,0.590846,-840.000000,-140.000000,-140.000000
-0.768722,-0.114436,0.527528,-840.000000,140.000000,-140.000000
-0.713700,-0.118584,0.465186,-840.000000,420.000000,0.000000
-0.657946,-0.113216,0.406504,-980.000000,700.000000,0.000000
-0.611342,-0.102114,0.343552,-980.000000,700.000000,-280.000000
-0.571448,-0.085278,0.281332,-840.000000,560.000000,-420.000000
-0.528138,-0.063562,0.227286,-700.000000,140.000000,-420.000000
-0.467992,-0.047580,0.174460,-560.000000,0.000000,-280.000000
-0.398208,-0.037088,0.128344,-420.000000,0.000000,-280.000000
-0.321836,-0.037698,0.086864,-420.000000,0.000000,-280.000000
-0.300608,-0.016104,0.014030,-420.000000,140.000000,-140.000000
-0.334402,0.026596,-0.066734,-560.000000,140.000000,0.000000
-0.373808,0.053802,-0.146034,-840.000000,140.000000,0.000000
-0.395280,0.064172,-0.201788,-980.000000,0.000000,-140.000000
-0.401136,0.065392,-0.249368,-980.000000,0.000000,-140.000000
-0.397598,0.061976,-0.290848,-700.000000,140.000000,0.000000
-0.390156,0.052094,-0.320860,-560.000000,140.000000,140.000000
-0.378566,0.036844,-0.339160,-560.000000,140.000000,140.000000
-0.365146,0.019276,-0.355996,-560.000000,280.000000,140.000000
-0.353312,0.009882,-0.368684,-840.000000,420.000000,280.000000
-0.330498,-0.004758,-0.386984,-980.000000,560.000000,280.000000
-0.301462,-0.017080,-0.405528,-980.000000,560.000000,140.000000
-0.263886,-0.033184,-0.427488,-840.000000,420.000000,0.000000
-0.218502,-0.050752,-0.446764,-560.000000,280.000000,-140.000000
-0.178120,-0.061732,-0.461526,-420.000000,140.000000,-280.000000
-0.135664,-0.073200,-0.465064,-560.000000,140.000000,-420.000000
-0.135786,-0.063074,-0.469578,-840.000000,140.000000,-420.000000
-0.078934,-0.103944,-0.502518,-980.000000,140.000000,-140.000000
-0.015006,-0.136884,-0.523990,-980.000000,140.000000,0.000000
0.036112,-0.148108,-0.528504,-840.000000,0.000000,140.000000
0.084058,-0.158600,-0.530212,-700.000000,-140.000000,0.000000
0.099308,-0.145790,-0.562298,-560.000000,-280.000000,-140.000000
0.152988,-0.168360,-0.586576,-560.000000,-140.000000,-140.000000
0.197152,-0.176412,-0.571326,-560.000000,0.000000,0.000000
0.218746,-0.171776,-0.551684,-700.000000,140.000000,0.000000
0.223870,-0.169458,-0.538264,-700.000000,280.000000,0.000000
0.220820,-0.173728,-0.572424,-560.000000,280.000000,-140.000000
0.218014,-0.175070,-0.579744,-420.000000,140.000000,-140.000000
0.226554,-0.185196,-0.527650,-560.000000,0.000000,0.000000
0.235582,-0.200080,-0.488000,-840.000000,-140.000000,0.000000
0.232166,-0.208864,-0.466162,-980.000000,0.000000,140.000000
0.221674,-0.223016,-0.449204,-980.000000,140.000000,140.000000
0.216916,-0.237900,-0.436028,-840.000000,140.000000,0.000000
0.222406,-0.252662,-0.423584,-840.000000,140.000000,0.000000
0.234850,-0.257542,-0.406748,-700.000000,140.000000,-140.000000
0.257908,-0.261446,-0.395158,-840.000000,140.000000,-140.000000
0.288530,-0.265228,-0.382348,-980.000000,140.000000,-280.000000
0.314516,-0.269498,-0.371734,-1120.000000,140.000000,-280.000000
0.338428,-0.273036,-0.357216,-1120.000000,280.000000,-280.000000
0.366976,-0.276574,-0.328424,-980.000000,140.000000,0.000000
0.392596,-0.286212,-0.297558,-840.000000,140.000000,0.000000
0.421022,-0.297436,-0.263032,-560.000000,140.000000,-140.000000
0.435540,-0.318054,-0.224480,-280.000000,280.000000,-280.000000
0.434930,-0.354654,-0.178974,-280.000000,420.000000,-280.000000
0.424560,-0.398574,-0.127246,-420.000000,420.000000,-140.000000
0.425536,-0.440054,-0.076006,-560.000000,140.000000,-140.000000
0.452254,-0.462502,-0.023546,-700.000000,0.000000,-140.000000
0.502274,-0.472018,0.039894,-700.000000,0.000000,-280.000000
0.562176,-0.472140,0.101870,-840.000000,0.000000,-280.000000
0.619272,-0.469456,0.159454,-980.000000,140.000000,-140.000000
0.676002,-0.467992,0.216550,-980.000000,280.000000,0.000000
0.730414,-0.469212,0.267912,-980.000000,280.000000,140.000000
0.775676,-0.469700,0.322568,-840.000000,140.000000,140.000000
0.800320,-0.476288,0.375516,-700.000000,0.000000,0.000000
0.799710,-0.481412,0.433588,-560.000000,-280.000000,-140.000000
0.776408,-0.482144,0.495442,-420.000000,-280.000000,-280.000000
0.751642,-0.479582,0.562542,-420.000000,-140.000000,-280.000000
0.748958,-0.469822,0.627446,-560.000000,-140.000000,-280.000000
0.772504,-0.462014,0.693692,-560.000000,-140.000000,-140.000000
0.796172,-0.451766,0.749934,-280.000000,-280.000000,-140.000000
0.827648,-0.445910,0.801784,0.000000,-280.000000,0.000000
0.854488,-0.445422,0.846802,0.000000,-140.000000,0.000000
0.871324,-0.446154,0.885842,-140.000000,140.000000,-140.000000
0.874984,-0.449204,0.910852,-280.000000,140.000000,-140.000000
0.862906,-0.457256,0.917806,-280.000000,140.000000,-140.000000
0.840214,-0.473360,0.917684,-280.000000,140.000000,140.000000
0.817156,-0.489952,0.919026,-420.000000,140.000000,420.000000
0.788364,-0.504592,0.929396,-420.000000,280.000000,560.000000
0.766404,-0.523502,0.942206,-560.000000,560.000000,420.000000
0.746884,-0.543144,0.963800,-700.000000,560.000000,280.000000
0.730048,-0.567300,0.982588,-840.000000,280.000000,140.000000
0.713700,-0.599508,1.002718,-700.000000,140.000000,0.000000
0.698938,-0.641232,1.020164,-560.000000,0.000000,0.000000
0.686616,-0.689300,1.027972,-560.000000,0.000000,0.000000
0.688812,-0.742248,1.035170,-560.000000,-140.000000,140.000000
0.692594,-0.793244,1.052494,-560.000000,-140.000000,140.000000
0.704306,-0.836554,1.062742,-560.000000,-140.000000,140.000000
0.698938,-0.881572,1.052372,-560.000000,-280.000000,0.000000
0.697108,-0.935252,1.056642,-560.000000,-280.000000,0.000000
0.694302,-0.977220,1.103246,-560.000000,0.000000,140.000000
0.677710,-1.020164,1.162416,-560.000000,280.000000,140.000000
0.653920,-1.070306,1.201456,-560.000000,420.000000,0.000000
0.628178,-1.110566,1.238300,-560.000000,420.000000,-140.000000
0.600728,-1.143262,1.274290,-560.000000,280.000000,-140.000000
0.571692,-1.170224,1.318210,-560.000000,280.000000,-140.000000
0.548512,-1.190842,1.359568,-420.000000,280.000000,0.000000
0.536312,-1.212070,1.401780,-420.000000,140.000000,140.000000
0.528260,-1.228662,1.437526,-420.000000,140.000000,0.000000
0.524722,-1.237690,1.475590,-700.000000,280.000000,-140.000000
0.529358,-1.240618,1.506456,-840.000000,280.000000,-140.000000
0.534360,-1.233542,1.555744,-840.000000,140.000000,-140.000000
0.533872,-1.221220,1.602592,-840.000000,140.000000,0.000000
0.526918,-1.207068,1.639924,-560.000000,0.000000,0.000000
0.522770,-1.200602,1.660176,-420.000000,140.000000,0.000000
0.521672,-1.190354,1.704096,-420.000000,280.000000,-140.000000
0.520452,-1.180838,1.748260,-280.000000,280.000000,-140.000000
0.522648,-1.166686,1.789252,-560.000000,280.000000,0.000000
0.525576,-1.154730,1.830000,-700.000000,140.000000,140.000000
0.522038,-1.144848,1.856474,-980.000000,0.000000,0.000000
0.513620,-1.135210,1.874774,-980.000000,-140.000000,-420.000000
0.511790,-1.121668,1.900882,-700.000000,-140.000000,-420.000000
0.509472,-1.108614,1.926014,-280.000000,-140.000000,-280.000000
0.510570,-1.089948,1.938580,-140.000000,140.000000,-140.000000
0.491416,-1.068354,1.970910,-280.000000,280.000000,140.000000
0.466284,-1.047370,1.990186,-280.000000,420.000000,420.000000
0.461648,-1.035658,2.025566,-420.000000,560.000000,420.000000
0.456280,-1.035902,2.055578,-420.000000,560.000000,280.000000
0.448472,-1.029802,2.074854,-420.000000,420.000000,140.000000
0.428220,-1.018578,2.078880,-420.000000,280.000000,0.000000
0.414434,-1.008818,2.068022,-420.000000,280.000000,-140.000000
0.414312,-1.000156,2.065094,-560.000000,280.000000,-140.000000
0.442372,-1.040416,2.012024,-700.000000,140.000000,0.000000
0.436882,-1.004792,1.969080,-840.000000,140.000000,0.000000
0.420778,-0.954528,1.951024,-980.000000,140.000000,0.000000
0.417728,-0.916098,1.962614,-980.000000,140.000000,-140.000000
0.426756,-0.891942,1.979328,-840.000000,0.000000,-140.000000
0.461038,-0.890722,1.970910,-700.000000,0.000000,0.000000
0.473604,-0.871446,1.975790,-560.000000,0.000000,140.000000
0.479826,-0.863028,1.980304,-420.000000,0.000000,280.000000
0.495198,-0.851194,1.978474,-420.000000,0.000000,280.000000
0.511668,-0.840580,1.993724,-560.000000,-140.000000,140.000000
0.612318,-0.891454,2.001166,-700.000000,-420.000000,-280.000000
0.593286,-0.844240,2.038864,-700.000000,-420.000000,-420.000000
0.544364,-0.812154,2.022150,-700.000000,-280.000000,-280.000000
0.532530,-0.796416,2.058750,-560.000000,-140.000000,-140.000000
0.528870,-0.783484,2.131828,-560.000000,140.000000,-140.000000
0.513010,-0.778848,2.184654,-560.000000,280.000000,-140.000000
0.504714,-0.770430,2.263832,-560.000000,420.000000,0.000000
0.497516,-0.765184,2.350696,-560.000000,700.000000,140.000000
0.490074,-0.760426,2.466596,-560.000000,700.000000,140.000000
0.479582,-0.768722,2.594696,-560.000000,700.000000,0.000000
0.475800,-0.783972,2.753174,-700.000000,560.000000,-140.000000
0.447496,-0.789340,2.914458,-840.000000,280.000000,-140.000000
0.409798,-0.801906,3.047926,-840.000000,140.000000,0.000000
0.367708,-0.816058,3.157604,-980.000000,140.000000,-140.000000
0.335500,-0.844362,3.218360,-980.000000,280.000000,-280.000000
0.261202,-0.846924,3.224216,-980.000000,420.000000,-280.000000
0.180926,-0.850584,3.172366,-700.000000,280.000000,-280.000000
0.111386,-0.848144,3.106974,-700.000000,280.000000,-420.000000
0.064050,-0.838018,3.046706,-700.000000,420.000000,-420.000000
-0.008662,-0.787998,2.950082,-840.000000,560.000000,-280.000000
-0.060024,-0.738344,2.795874,-700.000000,420.000000,0.000000
-0.103334,-0.666852,2.694736,-560.000000,420.000000,0.000000
-0.139934,-0.569252,2.717428,-560.000000,280.000000,-140.000000
-0.206180,-0.498858,2.725358,-700.000000,0.000000,-280.000000
-0.331596,-0.435784,2.577494,-700.000000,-140.000000,-420.000000
-0.443714,-0.357704,2.484530,-700.000000,-280.000000,-280.000000
-0.555710,-0.297192,2.428654,-560.000000,-140.000000,0.000000
-0.682346,-0.285602,2.338496,-560.000000,0.000000,0.000000
-0.824598,-0.269254,2.243092,-420.000000,0.000000,0.000000
-0.944158,-0.273768,2.178310,-420.000000,-140.000000,-140.000000
-1.006378,-0.310124,2.085712,-420.000000,-140.000000,-280.000000
-0.952820,-0.349286,1.972130,-560.000000,0.000000,-420.000000
-0.914268,-0.420168,1.792668,-700.000000,140.000000,-420.000000
-0.857782,-0.453840,1.673840,-840.000000,280.000000,-420.000000
-0.747372,-0.443226,1.624308,-700.000000,280.000000,-420.000000
-0.604510,-0.416264,1.577948,-560.000000,280.000000,-140.000000
-0.453474,-0.384300,1.520974,-560.000000,140.000000,0.000000
-0.301584,-0.372466,1.484008,-700.000000,140.000000,280.000000
-0.179218,-0.375150,1.481080,-840.000000,140.000000,280.000000
-0.064294,-0.410530,1.413004,-980.000000,280.000000,140.000000
0.015738,-0.449204,1.303448,-980.000000,560.000000,0.000000
0.047702,-0.477996,1.252208,-980.000000,700.000000,-140.000000
0.046238,-0.511180,1.232566,-700.000000,560.000000,0.000000
0.023912,-0.545218,1.217804,-560.000000,420.000000,0.000000
-0.035380,-0.574010,1.202188,-420.000000,280.000000,140.000000
-0.129686,-0.598288,1.182058,-420.000000,140.000000,140.000000
-0.240340,-0.619638,1.132770,-560.000000,280.000000,0.000000
-0.346846,-0.634400,1.064450,-700.000000,280.000000,140.000000
-0.443714,-0.639402,0.978440,-700.000000,140.000000,140.000000
-0.521184,-0.629886,0.916586,-700.000000,0.000000,140.000000
-0.567422,-0.627812,0.843874,-700.000000,140.000000,140.000000
-0.578036,-0.623664,0.780068,-840.000000,420.000000,140.000000
-0.564982,-0.621834,0.709186,-840.000000,420.000000,0.000000
-0.551196,-0.607926,0.638914,-840.000000,560.000000,-140.000000
-0.533018,-0.582916,0.588162,-700.000000,420.000000,-280.000000
-0.521306,-0.545828,0.548024,-560.000000,280.000000,-280.000000
-0.511912,-0.504104,0.518378,-420.000000,140.000000,-140.000000
-0.507764,-0.464698,0.479826,-420.000000,140.000000,-140.000000
-0.502396,-0.421144,0.446764,-560.000000,140.000000,-140.000000
-0.500322,-0.370636,0.421632,-700.000000,280.000000,0.000000
-0.506544,-0.318054,0.399794,-840.000000,140.000000,0.000000
-0.513376,-0.265106,0.381494,-1120.000000,0.000000,140.000000
-0.516792,-0.215696,0.365024,-1120.000000,-140.000000,140.000000
-0.530212,-0.170312,0.335622,-980.000000,0.000000,0.000000
-0.540338,-0.135298,0.295850,-700.000000,140.000000,0.000000
-0.546682,-0.109556,0.245830,-560.000000,140.000000,-140.000000
-0.546560,-0.087718,0.192150,-560.000000,280.000000,-140.000000
-0.537654,-0.070272,0.136030,-560.000000,280.000000,-140.000000
-0.519354,-0.058560,0.096746,-560.000000,280.000000,0.000000
-0.502640,-0.045262,0.071492,-420.000000,280.000000,280.000000
-0.472018,-0.033184,0.060512,-280.000000,420.000000,280.000000
-0.443104,-0.019642,0.050752,-280.000000,280.000000,140.000000
-0.415898,-0.010614,0.034038,-560.000000,140.000000,-140.000000
-0.396744,0.006344,0.011468,-700.000000,0.000000,-140.000000
-0.397598,0.030988,-0.013054,-840.000000,0.000000,-140.000000
-0.445910,0.087596,-0.027694,-700.000000,0.000000,-140.000000
-0.430904,0.078080,-0.080154,-700.000000,140.000000,-140.000000
-0.424072,0.080032,-0.116388,-560.000000,140.000000,-140.000000
-0.429318,0.091012,-0.161894,-560.000000,0.000000,0.000000
-0.433222,0.101626,-0.205814,-420.000000,0.000000,-140.000000
-0.430416,0.110288,-0.250100,-420.000000,0.000000,-140.000000
-0.416996,0.111508,-0.282796,-420.000000,0.000000,-280.000000
-0.399428,0.103700,-0.302560,-560.000000,0.000000,-280.000000
-0.391132,0.099430,-0.312564,-560.000000,0.000000,-280.000000
-0.367952,0.071004,-0.329278,-420.000000,0.000000,-280.000000
-0.336232,0.027084,-0.308904,-280.000000,140.000000,-140.000000
-0.312076,-0.020374,-0.289262,-280.000000,280.000000,-140.000000
-0.293044,-0.058560,-0.274988,-420.000000,280.000000,-140.000000
-0.267058,-0.091134,-0.263764,-560.000000,140.000000,-140.000000
-0.232288,-0.111142,-0.285846,-700.000000,0.000000,-140.000000
-0.144448,-0.149694,-0.274622,-700.000000,140.000000,-140.000000
-0.055754,-0.155672,-0.275110,-700.000000,280.000000,0.000000
0.026352,-0.140788,-0.288164,-560.000000,280.000000,0.000000
0.103090,-0.115900,-0.305732,-420.000000,140.000000,140.000000
0.169824,-0.101992,-0.323788,-420.000000,140.000000,140.000000
0.207644,-0.097844,-0.338794,-560.000000,140.000000,140.000000
0.219356,-0.092842,-0.349652,-560.000000,140.000000,280.000000
0.234728,-0.106262,-0.366610,-700.000000,-140.000000,280.000000
0.230702,-0.117242,-0.388448,-700.000000,-280.000000,140.000000
0.226066,-0.121878,-0.344772,-700.000000,-140.000000,-140.000000
0.230458,-0.126026,-0.303170,-560.000000,0.000000,-280.000000
0.228018,-0.116754,-0.281210,-420.000000,140.000000,-280.000000
0.235094,-0.102358,-0.255956,-280.000000,420.000000,-140.000000
0.223992,-0.103700,-0.222406,-280.000000,420.000000,0.000000
0.208498,-0.103090,-0.183366,-420.000000,420.000000,0.000000
0.206546,-0.137128,-0.151402,-420.000000,280.000000,-140.000000
0.212280,-0.133590,-0.103578,-280.000000,140.000000,-280.000000
0.226066,-0.130906,-0.072590,-140.000000,280.000000,-140.000000
0.251564,-0.145302,-0.054656,-140.000000,420.000000,140.000000
0.280600,-0.162626,-0.043554,-420.000000,420.000000,140.000000
0.319762,-0.173850,-0.026108,-700.000000,420.000000,0.000000
0.358314,-0.183976,-0.005490,-980.000000,420.000000,-140.000000
0.387472,-0.202398,0.024156,-980.000000,560.000000,0.000000
0.401502,-0.225944,0.063074,-980.000000,560.000000,140.000000
0.409676,-0.247416,0.107604,-700.000000,420.000000,140.000000
0.426268,-0.264252,0.157136,-700.000000,280.000000,0.000000
0.448960,-0.275964,0.211060,-700.000000,0.000000,0.000000
0.459208,-0.287676,0.266936,-700.000000,0.000000,0.000000
0.444080,-0.305000,0.323178,-700.000000,0.000000,-140.000000
0.400648,-0.330254,0.385642,-560.000000,140.000000,-280.000000
0.369294,-0.356606,0.442372,-700.000000,140.000000,-280.000000
0.380884,-0.380396,0.514718,-700.000000,0.000000,-140.000000
0.449692,-0.388570,0.588040,-560.000000,-140.000000,-140.000000
0.545218,-0.381982,0.666364,-420.000000,140.000000,-280.000000
0.638426,-0.362950,0.735660,-420.000000,280.000000,-420.000000
0.712480,-0.345748,0.792390,-560.000000,280.000000,-420.000000
0.773358,-0.340380,0.834846,-560.000000,280.000000,-140.000000
0.820328,-0.345016,0.870348,-560.000000,280.000000,140.000000
0.854366,-0.353434,0.909632,-420.000000,280.000000,280.000000
0.875960,-0.358192,0.954406,-420.000000,140.000000,140.000000
0.871690,-0.348066,1.003206,-560.000000,140.000000,0.000000
0.847412,-0.335134,1.043222,-700.000000,280.000000,0.000000
0.817522,-0.316712,1.085312,-840.000000,280.000000,140.000000
0.804834,-0.296094,1.129110,-840.000000,140.000000,140.000000
0.791902,-0.277306,1.174738,-980.000000,-140.000000,0.000000
0.776652,-0.254004,1.214510,-980.000000,-140.000000,-140.000000
0.761890,-0.237900,1.236836,-980.000000,0.000000,-140.000000
0.751764,-0.235338,1.241106,-840.000000,280.000000,-140.000000
0.736636,-0.244732,1.229028,-980.000000,420.000000,-140.000000
0.713700,-0.265472,1.206824,-980.000000,280.000000,-280.000000
0.675148,-0.293654,1.183766,-840.000000,140.000000,-140.000000
0.626958,-0.327570,1.152412,-700.000000,0.000000,0.000000
0.590236,-0.368928,1.125572,-420.000000,140.000000,280.000000
0.572668,-0.415044,1.106662,-560.000000,140.000000,140.000000
0.562664,-0.448472,1.100196,-700.000000,0.000000,0.000000
0.549244,-0.474702,1.106906,-840.000000,0.000000,-280.000000
0.534116,-0.498370,1.115690,-840.000000,-140.000000,-140.000000
0.518622,-0.524722,1.118008,-700.000000,-140.000000,-140.000000
0.500810,-0.556076,1.117398,-420.000000,0.000000,0.000000
0.478850,-0.597312,1.108614,-280.000000,0.000000,0.000000
0.453962,-0.638060,1.103368,-280.000000,0.000000,-140.000000
0.425902,-0.665144,1.095072,-280.000000,0.000000,-140.000000
0.400160,-0.686006,1.083360,-420.000000,0.000000,-140.000000
0.370880,-0.694668,1.071160,-560.000000,140.000000,-140.000000
0.343918,-0.705526,1.050908,-840.000000,140.000000,-140.000000
0.318542,-0.706868,1.047126,-980.000000,140.000000,0.000000
0.293532,-0.720166,1.026386,-840.000000,0.000000,0.000000
0.271084,-0.732366,1.029802,-700.000000,-140.000000,0.000000
0.249612,-0.745176,1.020774,-700.000000,-280.000000,0.000000
0.247050,-0.766892,1.044442,-700.000000,-280.000000,140.000000
0.244976,-0.782020,1.078114,-840.000000,-420.000000,140.000000
0.253760,-0.802516,1.099098,-1120.000000,-280.000000,280.000000
0.271450,-0.815936,1.133502,-1400.000000,-140.000000,280.000000
0.283894,-0.814716,1.177910,-1260.000000,0.000000,280.000000
0.286456,-0.802638,1.219634,-840.000000,0.000000,280.000000
0.291580,-0.787754,1.258064,-420.000000,-140.000000,140.000000
0.292678,-0.777140,1.299788,-420.000000,-140.000000,0.000000
0.291824,-0.778116,1.325530,-560.000000,0.000000,0.000000
0.296460,-0.778482,1.361520,-700.000000,280.000000,0.000000
0.290238,-0.779458,1.387140,-700.000000,280.000000,0.000000
0.296826,-0.774334,1.424228,-700.000000,140.000000,0.000000
0.291946,-0.772992,1.466806,-700.000000,140.000000,0.000000
0.301462,-0.779946,1.501576,-420.000000,140.000000,0.000000
0.316956,-0.779946,1.571970,-280.000000,140.000000,0.000000
0.335256,-0.778604,1.631506,-140.000000,140.000000,-140.000000
0.354044,-0.784704,1.688724,-140.000000,280.000000,-140.000000
0.376370,-0.790316,1.738378,-280.000000,280.000000,-280.000000
0.397232,-0.799344,1.784006,-420.000000,280.000000,-280.000000
0.418582,-0.807518,1.814628,-700.000000,280.000000,-280.000000
0.443348,-0.810080,1.856352,-700.000000,280.000000,-140.000000
0.454816,-0.803126,1.900028,-700.000000,420.000000,0.000000
0.463722,-0.784094,1.944802,-700.000000,280.000000,0.000000
0.468846,-0.748958,2.008486,-560.000000,280.000000,0.000000
0.468358,-0.708210,2.073146,-700.000000,280.000000,0.000000
0.459208,-0.657092,2.122434,-700.000000,280.000000,0.000000
0.445544,-0.598898,2.181238,-560.000000,280.000000,-140.000000
0.432124,-0.537654,2.230404,-420.000000,140.000000,0.000000
0.416752,-0.482998,2.272006,-420.000000,0.000000,0.000000
0.397354,-0.432124,2.314096,-420.000000,-140.000000,140.000000
0.358314,-0.398574,2.335080,-420.000000,-280.000000,140.000000
0.296948,-0.376736,2.331786,-560.000000,-140.000000,0.000000
0.247660,-0.371246,2.350818,-560.000000,140.000000,-140.000000
0.268888,-0.431148,2.368874,-560.000000,420.000000,-140.000000
0.211060,-0.423096,2.399374,-560.000000,280.000000,-280.000000
0.136152,-0.415654,2.419870,-420.000000,140.000000,-280.000000
0.098942,-0.439322,2.429630,-560.000000,-140.000000,-280.000000
0.073200,-0.469212,2.444270,-700.000000,-140.000000,-280.000000
0.051362,-0.482388,2.463546,-840.000000,-140.000000,-280.000000
0.024766,-0.502152,2.434388,-980.000000,0.000000,-280.000000
0.098332,-0.604510,2.397666,-980.000000,420.000000,-280.000000
-0.049410,-0.547780,2.349598,-980.000000,560.000000,-140.000000
-0.088450,-0.594506,2.237358,-980.000000,700.000000,0.000000
-0.119926,-0.630374,2.174772,-980.000000,560.000000,140.000000
-0.137860,-0.658556,2.113772,-840.000000,420.000000,140.000000
-0.148352,-0.652822,2.078758,-700.000000,420.000000,280.000000
-0.158478,-0.632082,2.052162,-840.000000,140.000000,280.000000
-0.158844,-0.603656,2.023492,-980.000000,140.000000,280.000000
-0.151402,-0.576084,2.000922,-980.000000,0.000000,140.000000
-0.150304,-0.541924,1.997262,-840.000000,0.000000,280.000000
-0.161406,-0.500810,1.981890,-420.000000,-140.000000,140.000000
-0.170312,-0.453840,1.968104,-280.000000,-140.000000,0.000000
-0.179340,-0.408212,1.938214,-420.000000,0.000000,-140.000000
-0.178120,-0.361120,1.921500,-420.000000,140.000000,0.000000
-0.164456,-0.316834,1.912350,-280.000000,140.000000,140.000000
-0.165432,-0.265106,1.902834,-140.000000,140.000000,140.000000
-0.159942,-0.220332,1.906006,-140.000000,140.000000,0.000000
-0.180438,-0.154452,1.939556,-420.000000,0.000000,-280.000000
-0.179096,-0.113216,1.858182,-560.000000,0.000000,-420.000000
-0.170312,-0.055876,1.852082,-560.000000,0.000000,-420.000000
-0.143228,-0.007320,1.826218,-560.000000,140.000000,-280.000000
-0.243146,-0.001342,1.745088,-560.000000,140.000000,-140.000000
-0.376614,0.004026,1.720444,-700.000000,280.000000,-140.000000
-0.478362,0.025132,1.757776,-700.000000,560.000000,0.000000
-0.592798,0.058560,1.793766,-700.000000,700.000000,0.000000
-0.710284,0.076250,1.735206,-560.000000,700.000000,0.000000
-0.810324,0.078080,1.661518,-420.000000,420.000000,0.000000
-0.856928,0.063440,1.643706,-560.000000,280.000000,-140.000000
-0.822768,0.041846,1.623332,-700.000000,0.000000,-280.000000
-0.737612,0.019642,1.710928,-840.000000,-140.000000,-140.000000
-0.581940,-0.070394,1.410320,-980.000000,-140.000000,0.000000
-0.437126,-0.113216,1.370548,-840.000000,0.000000,140.000000
-0.281210,-0.166286,1.254282,-980.000000,280.000000,280.000000
-0.135786,-0.193126,1.161684,-980.000000,420.000000,280.000000
-0.004880,-0.204228,1.071404,-980.000000,560.000000,280.000000
0.105164,-0.196542,0.998204,-700.000000,560.000000,140.000000
0.195078,-0.174704,0.930616,-560.000000,560.000000,140.000000
0.270352,-0.145546,0.891698,-420.000000,700.000000,140.000000
0.310490,-0.117974,0.861808,-420.000000,700.000000,140.000000
0.311710,-0.089670,0.850096,-560.000000,560.000000,140.000000
0.278770,-0.068808,0.831918,-560.000000,420.000000,0.000000
0.228262,-0.048312,0.820450,-420.000000,280.000000,0.000000
0.181536,-0.052826,0.819962,-140.000000,140.000000,-140.000000
0.131516,-0.060756,0.822646,-140.000000,140.000000,-140.000000
0.078324,-0.059780,0.843264,-280.000000,140.000000,0.000000
0.018178,-0.063318,0.875106,-560.000000,280.000000,0.000000
-0.038064,-0.082838,0.901946,-700.000000,420.000000,0.000000
-0.081618,-0.119072,0.919880,-840.000000,280.000000,-140.000000
-0.098576,-0.170922,0.929762,-980.000000,-140.000000,-280.000000
-0.102602,-0.214476,0.937692,-980.000000,-280.000000,-280.000000
-0.093208,-0.235948,0.950746,-980.000000,-140.000000,-280.000000
-0.070150,-0.247172,0.959896,-980.000000,0.000000,-280.000000
-0.038552,-0.256932,0.961360,-1120.000000,0.000000,-140.000000
-0.014152,-0.263520,0.944890,-1120.000000,0.000000,-140.000000
0.006954,-0.264374,0.913658,-1120.000000,0.000000,0.000000
0.022936,-0.257664,0.874252,-840.000000,140.000000,-140.000000
0.033184,-0.239852,0.831186,-560.000000,280.000000,-140.000000
0.036844,-0.209718,0.792878,-420.000000,280.000000,-140.000000
0.034892,-0.173972,0.762866,-560.000000,280.000000,-280.000000
0.025620,-0.134322,0.731146,-840.000000,280.000000,-280.000000
0.012322,-0.093696,0.707722,-980.000000,280.000000,-280.000000
-0.000854,-0.053314,0.683322,-980.000000,280.000000,-140.000000
-0.019032,-0.011468,0.666852,-840.000000,280.000000,-140.000000
-0.036844,0.030500,0.646722,-700.000000,280.000000,-140.000000
-0.057218,0.078446,0.626836,-560.000000,280.000000,-140.000000
-0.071248,0.127978,0.604876,-420.000000,280.000000,0.000000
-0.059414,0.156892,0.585234,-560.000000,280.000000,140.000000
-0.060878,0.189344,0.568764,-700.000000,280.000000,280.000000
-0.064050,0.215086,0.550220,-980.000000,280.000000,280.000000
-0.072468,0.234484,0.530334,-980.000000,280.000000,140.000000
-0.086498,0.245342,0.503250,-1120.000000,280.000000,-140.000000
-0.095770,0.251198,0.476288,-980.000000,280.000000,-280.000000
-0.102846,0.255956,0.448716,-980.000000,0.000000,-140.000000
-0.104798,0.254736,0.425536,-840.000000,-140.000000,-140.000000
-0.101382,0.253394,0.392474,-980.000000,0.000000,0.000000
-0.101992,0.251686,0.359900,-980.000000,140.000000,0.000000
-0.094672,0.246196,0.335378,-840.000000,280.000000,0.000000
-0.087108,0.238022,0.314272,-980.000000,280.000000,140.000000
-0.075884,0.226554,0.300974,-980.000000,280.000000,140.000000
-0.068442,0.213988,0.284748,-840.000000,280.000000,140.000000
-0.063806,0.195688,0.271084,-700.000000,280.000000,0.000000
-0.067466,0.180804,0.254614,-420.000000,420.000000,0.000000
-0.079300,0.165066,0.249246,-420.000000,560.000000,-280.000000
-0.089060,0.145912,0.241804,-420.000000,560.000000,-420.000000
-0.094428,0.123830,0.234362,-420.000000,700.000000,-420.000000
-0.084790,0.103944,0.221674,-420.000000,840.000000,-280.000000
-0.068076,0.089304,0.211914,-420.000000,840.000000,140.000000
-0.063684,0.093940,0.195444,-420.000000,560.000000,280.000000
-0.037576,0.075518,0.181658,-700.000000,420.000000,140.000000
-0.011224,0.053070,0.187148,-840.000000,140.000000,0.000000
0.000000,0.033916,0.183244,-840.000000,140.000000,-280.000000
0.010980,0.007930,0.172874,-420.000000,280.000000,-140.000000
0.021472,-0.020740,0.158112,-140.000000,280.000000,0.000000
0.029646,-0.046604,0.140910,140.000000,140.000000,140.000000
0.039894,-0.063440,0.121390,0.000000,0.000000,0.000000
0.053680,-0.074298,0.109678,-140.000000,-140.000000,-140.000000
0.066734,-0.084302,0.107116,-560.000000,-140.000000,-280.000000
0.084180,-0.088816,0.101016,-700.000000,140.000000,-280.000000
0.099308,-0.085400,0.100650,-700.000000,280.000000,-280.000000
0.117730,-0.074908,0.101870,-560.000000,280.000000,-280.000000
0.135176,-0.063074,0.099796,-560.000000,140.000000,-280.000000
0.144936,-0.053680,0.100406,-840.000000,280.000000,-280.000000
0.153598,-0.045262,0.104798,-840.000000,420.000000,-140.000000
0.161528,-0.041968,0.104920,-840.000000,420.000000,0.000000
0.177266,-0.040382,0.107360,-840.000000,420.000000,140.000000
0.190198,-0.044286,0.104066,-840.000000,140.000000,280.000000
0.207156,-0.050142,0.102724,-840.000000,0.000000,280.000000
0.222284,-0.062220,0.108824,-840.000000,-140.000000,280.000000
0.235460,-0.070638,0.118828,-700.000000,-140.000000,140.000000
0.227530,-0.091866,0.128710,-700.000000,0.000000,0.000000
0.201788,-0.135420,0.128466,-700.000000,140.000000,-140.000000
0.196542,-0.175558,0.143228,-560.000000,140.000000,-140.000000
0.198738,-0.156770,0.163968,-420.000000,0.000000,-280.000000
0.200202,-0.168726,0.171288,-420.000000,0.000000,-420.000000
0.215452,-0.209352,0.131028,-560.000000,140.000000,-560.000000
0.247782,-0.243878,0.140056,-560.000000,140.000000,-420.000000
0.283528,-0.274378,0.186782,-560.000000,140.000000,-140.000000
0.302316,-0.302194,0.226798,-560.000000,140.000000,0.000000
0.304756,-0.314638,0.267180,-560.000000,-140.000000,0.000000
0.300364,-0.318908,0.309270,-420.000000,-140.000000,0.000000
0.301584,-0.311710,0.344284,-280.000000,-140.000000,140.000000
0.315980,-0.312076,0.360998,-140.000000,0.000000,280.000000
0.336598,-0.305854,0.364902,-140.000000,140.000000,280.000000
0.351116,-0.292190,0.368074,-140.000000,280.000000,280.000000
0.359046,-0.292068,0.372832,0.000000,140.000000,280.000000
0.361120,-0.297070,0.382592,0.000000,140.000000,140.000000
0.365512,-0.317932,0.393206,-140.000000,140.000000,0.000000
0.374906,-0.339648,0.417606,-420.000000,280.000000,-140.000000
0.383934,-0.356240,0.448106,-420.000000,140.000000,0.000000
0.396622,-0.366610,0.483120,-560.000000,140.000000,140.000000
0.420046,-0.376248,0.513620,-560.000000,420.000000,280.000000
0.470920,-0.380884,0.552782,-560.000000,560.000000,140.000000
0.538752,-0.376370,0.592920,-700.000000,420.000000,0.000000
0.610244,-0.369050,0.630130,-700.000000,420.000000,0.000000
0.671854,-0.359046,0.661972,-700.000000,420.000000,140.000000
0.718214,-0.352336,0.694790,-560.000000,420.000000,140.000000
0.751886,-0.347578,0.737368,-700.000000,420.000000,140.000000
0.780922,-0.343918,0.778848,-700.000000,420.000000,0.000000
0.804468,-0.340258,0.823012,-840.000000,420.000000,0.000000
0.812276,-0.337086,0.871080,-840.000000,700.000000,0.000000
0.810568,-0.339038,0.927810,-700.000000,840.000000,140.000000
0.804590,-0.341722,0.986004,-700.000000,980.000000,0.000000
0.810446,-0.353800,1.031266,-700.000000,700.000000,0.000000
0.819718,-0.364170,1.057374,-700.000000,140.000000,0.000000
0.845094,-0.362584,1.090314,-840.000000,-140.000000,140.000000
0.857172,-0.363438,1.120936,-840.000000,0.000000,140.000000
0.861320,-0.370758,1.129842,-840.000000,280.000000,140.000000
0.851560,-0.379664,1.135942,-980.000000,280.000000,140.000000
0.837042,-0.395768,1.135820,-980.000000,140.000000,140.000000
0.820938,-0.424438,1.122888,-840.000000,0.000000,0.000000
0.803004,-0.463722,1.102636,-840.000000,-140.000000,-140.000000
0.773846,-0.501298,1.094950,-840.000000,0.000000,-280.000000
0.739808,-0.540582,1.088850,-840.000000,0.000000,-140.000000
0.700890,-0.585966,1.080798,-560.000000,0.000000,-140.000000
0.670878,-0.630130,1.092876,-280.000000,0.000000,0.000000
0.655384,-0.667218,1.120692,-140.000000,0.000000,0.000000
0.652456,-0.696132,1.139724,-280.000000,0.000000,0.000000
0.649894,-0.712114,1.163880,-420.000000,0.000000,0.000000
0.648430,-0.721630,1.181936,-560.000000,0.000000,0.000000
0.646356,-0.731878,1.196576,-420.000000,0.000000,0.000000
0.640744,-0.745176,1.209264,-420.000000,140.000000,0.000000
0.634888,-0.770552,1.211582,-560.000000,0.000000,0.000000
0.616832,-0.793976,1.220854,-840.000000,-140.000000,0.000000
0.594018,-0.815570,1.236104,-840.000000,-280.000000,140.000000
0.564128,-0.833626,1.259894,-840.000000,-140.000000,140.000000
0.528626,-0.839482,1.296128,-700.000000,140.000000,140.000000
0.489708,-0.835090,1.332850,-560.000000,420.000000,140.000000
0.451888,-0.823134,1.371158,-700.000000,420.000000,280.000000
0.418582,-0.809714,1.403488,-700.000000,420.000000,140.000000
0.391010,-0.795318,1.431914,-700.000000,420.000000,0.000000
0.365146,-0.774090,1.457534,-700.000000,420.000000,-140.000000
0.345504,-0.751398,1.480714,-840.000000,420.000000,0.000000
0.332572,-0.730536,1.497306,-840.000000,280.000000,0.000000
0.321714,-0.709918,1.518778,-840.000000,140.000000,0.000000
0.313418,-0.695034,1.536956,-700.000000,0.000000,0.000000
0.300364,-0.683810,1.561356,-560.000000,0.000000,0.000000
0.283894,-0.672586,1.585024,-560.000000,0.000000,140.000000
0.269986,-0.658678,1.619672,-560.000000,140.000000,140.000000
0.257664,-0.638060,1.661884,-700.000000,280.000000,0.000000
0.246806,-0.615612,1.705072,-560.000000,420.000000,0.000000
0.234118,-0.594140,1.746308,-560.000000,280.000000,140.000000
0.227652,-0.573888,1.787300,-420.000000,140.000000,280.000000
0.220698,-0.554002,1.830366,-420.000000,140.000000,140.000000
0.215696,-0.529846,1.864526,-280.000000,140.000000,140.000000
0.212036,-0.501054,1.901614,-280.000000,140.000000,140.000000
0.215818,-0.471774,1.944558,-280.000000,0.000000,280.000000
0.234606,-0.443958,1.991894,-280.000000,-140.000000,280.000000
0.259860,-0.411018,2.038498,-420.000000,-140.000000,140.000000
0.272914,-0.368806,2.075708,-560.000000,0.000000,0.000000
0.272304,-0.317932,2.107184,-700.000000,0.000000,-280.000000
0.268522,-0.268522,2.122922,-700.000000,0.000000,-420.000000
0.276452,-0.245830,2.145980,-560.000000,-140.000000,-280.000000
0.279868,-0.220332,2.170136,-560.000000,-280.000000,-140.000000
0.225578,-0.157746,2.211372,-560.000000,-280.000000,-140.000000
0.190930,-0.129808,2.235528,-560.000000,-280.000000,-140.000000
0.205326,-0.145302,2.255780,-560.000000,0.000000,-140.000000
0.203618,-0.137860,2.302994,-560.000000,280.000000,-140.000000
0.105774,-0.070516,2.299822,-560.000000,420.000000,-140.000000
0.079300,-0.049410,2.305190,-560.000000,420.000000,0.000000
0.059658,-0.033184,2.358504,-420.000000,280.000000,140.000000
0.029524,-0.019276,2.409012,-420.000000,140.000000,280.000000
0.012810,-0.018910,2.468792,-560.000000,0.000000,280.000000
-0.059658,0.011956,2.513932,-700.000000,-140.000000,280.000000
-0.123220,0.024034,2.575664,-980.000000,-140.000000,140.000000
-0.187270,0.022936,2.644228,-980.000000,0.000000,0.000000
-0.259494,0.018300,2.706326,-980.000000,0.000000,0.000000
-0.315980,0.010980,2.755492,-840.000000,-140.000000,140.000000
-0.363682,0.013664,2.813320,-560.000000,-280.000000,140.000000
-0.383568,0.004514,2.895182,-560.000000,-420.000000,0.000000
-0.457134,0.022204,2.939712,-560.000000,-140.000000,0.000000
-0.503128,-0.009272,2.719868,-700.000000,0.000000,0.000000
-0.542168,-0.040260,2.709254,-700.000000,0.000000,140.000000
-0.598044,-0.083692,2.745976,-560.000000,-140.000000,140.000000
-0.680272,-0.127612,2.625928,-420.000000,-140.000000,0.000000
-0.768234,-0.150914,2.710840,-420.000000,0.000000,0.000000
-0.817766,-0.238632,2.480504,-560.000000,140.000000,0.000000
-0.839116,-0.299388,2.334836,-700.000000,280.000000,-140.000000
-0.824720,-0.364902,2.174040,-840.000000,420.000000,-140.000000
-0.788364,-0.421022,2.012024,-980.000000,420.000000,0.000000
-0.722118,-0.445056,1.838540,-840.000000,420.000000,140.000000
-0.631472,-0.444690,1.672254,-840.000000,280.000000,280.000000
-0.529358,-0.426390,1.530368,-700.000000,140.000000,140.000000
-0.433100,-0.394792,1.414468,-560.000000,0.000000,0.000000
-0.328546,-0.362584,1.297470,-420.000000,-140.000000,0.000000
-0.240096,-0.328302,1.208044,-280.000000,-280.000000,-140.000000
-0.172386,-0.287188,1.139480,-280.000000,-280.000000,0.000000
-0.131394,-0.243024,1.082140,-420.000000,-140.000000,280.000000
-0.114314,-0.195200,1.027850,-700.000000,-140.000000,420.000000
-0.111508,-0.144204,0.986492,-700.000000,0.000000,280.000000
-0.128100,-0.091988,0.960994,-840.000000,140.000000,140.000000
-0.158234,-0.041602,0.955016,-980.000000,280.000000,0.000000
-0.207400,0.007320,0.957700,-1120.000000,280.000000,-140.000000
-0.263276,0.049410,0.962214,-980.000000,280.000000,-140.000000
-0.323056,0.085156,0.966606,-700.000000,0.000000,-140.000000
-0.366122,0.101016,0.988078,-700.000000,-140.000000,0.000000
-0.393206,0.107360,1.011624,-700.000000,0.000000,280.000000
-0.419314,0.116388,1.048834,-840.000000,420.000000,280.000000
-0.447618,0.125538,1.086776,-840.000000,560.000000,140.000000
-0.472140,0.125660,1.113860,-700.000000,420.000000,0.000000
-0.485804,0.119926,1.121546,-700.000000,280.000000,-140.000000
-0.504104,0.114314,1.106540,-700.000000,140.000000,-140.000000
-0.524966,0.109556,1.082384,-840.000000,140.000000,0.000000
-0.558516,0.113460,1.050664,-840.000000,280.000000,0.000000
-0.594506,0.124196,1.019310,-980.000000,280.000000,0.000000
-0.625250,0.131882,0.972340,-980.000000,0.000000,-140.000000
-0.652822,0.139202,0.920002,-1120.000000,-140.000000,-280.000000
-0.679662,0.152744,0.859368,-840.000000,-140.000000,-140.000000
-0.694424,0.160186,0.788608,-560.000000,-140.000000,0.000000
-0.688202,0.158356,0.720288,-280.000000,-140.000000,140.000000
-0.690032,0.164944,0.648186,-280.000000,-140.000000,140.000000
-0.703940,0.177388,0.584136,-280.000000,-140.000000,0.000000
-0.674050,0.134566,0.513376,-280.000000,0.000000,0.000000
-0.673318,0.115656,0.458842,-420.000000,0.000000,-140.000000
-0.678442,0.100284,0.399550,-560.000000,0.000000,-140.000000
-0.657580,0.081618,0.353678,-700.000000,140.000000,-280.000000
-0.617320,0.064782,0.311222,-700.000000,280.000000,-140.000000
-0.596336,0.079300,0.277428,-840.000000,420.000000,0.000000
-0.534238,0.055876,0.224114,-1120.000000,420.000000,-140.000000
-0.463600,0.033428,0.200202,-1120.000000,280.000000,-280.000000
-0.419436,0.024278,0.159942,-980.000000,280.000000,-280.000000
-0.385398,0.005490,0.118950,-700.000000,280.000000,-280.000000
-0.354166,-0.023546,0.065392,-280.000000,280.000000,0.000000
-0.334890,-0.054412,0.001098,0.000000,280.000000,140.000000
-0.315492,-0.085888,-0.067466,0.000000,140.000000,140.000000
-0.285602,-0.117242,-0.112606,0.000000,140.000000,140.000000
-0.249490,-0.147742,-0.146400,-280.000000,420.000000,140.000000
-0.214598,-0.173362,-0.178242,-420.000000,560.000000,140.000000
-0.183122,-0.191784,-0.215574,-560.000000,420.000000,140.000000
-0.157258,-0.204594,-0.246684,-700.000000,420.000000,140.000000
-0.135908,-0.215208,-0.276940,-840.000000,560.000000,140.000000
-0.118218,-0.223992,-0.301462,-980.000000,700.000000,140.000000
-0.093086,-0.228140,-0.312564,-980.000000,700.000000,140.000000
-0.060634,-0.225578,-0.306708,-840.000000,560.000000,140.000000
-0.032696,-0.218868,-0.292556,-840.000000,420.000000,140.000000
-0.006954,-0.208986,-0.280722,-840.000000,420.000000,0.000000
0.014152,-0.202032,-0.272182,-840.000000,420.000000,-140.000000
0.034038,-0.195810,-0.289140,-840.000000,280.000000,-280.000000
0.059902,-0.196298,-0.311100,-840.000000,140.000000,-280.000000
0.094428,-0.189710,-0.281332,-840.000000,0.000000,-140.000000
0.126270,-0.183000,-0.266082,-560.000000,-140.000000,140.000000
0.149572,-0.175680,-0.254858,-280.000000,0.000000,140.000000
0.168848,-0.173118,-0.250710,-140.000000,280.000000,140.000000
0.184830,-0.174704,-0.235582,-420.000000,560.000000,0.000000
0.195444,-0.182756,-0.213378,-700.000000,560.000000,-140.000000
0.198128,-0.196542,-0.215086,-840.000000,420.000000,-140.000000
0.215818,-0.215330,-0.196542,-840.000000,280.000000,-140.000000
0.225090,-0.238510,-0.157380,-700.000000,0.000000,0.000000
0.221674,-0.266326,-0.122244,-560.000000,-280.000000,140.000000
0.213378,-0.297436,-0.087840,-420.000000,-280.000000,140.000000
0.214598,-0.326106,-0.038552,-420.000000,-140.000000,0.000000
0.221796,-0.347578,0.004148,-280.000000,140.000000,-140.000000
0.240950,-0.361486,0.043310,-420.000000,280.000000,-280.000000
0.261690,-0.371978,0.086132,-700.000000,420.000000,-140.000000
0.277794,-0.384178,0.125294,-840.000000,420.000000,-140.000000
0.291214,-0.398940,0.155184,-700.000000,280.000000,-140.000000
0.308782,-0.411262,0.191174,-560.000000,140.000000,0.000000
0.317444,-0.422242,0.213622,-420.000000,0.000000,0.000000
0.308294,-0.439078,0.228262,-560.000000,-140.000000,140.000000
0.306220,-0.462380,0.238632,-700.000000,-140.000000,140.000000
0.318664,-0.484340,0.245220,-700.000000,-280.000000,140.000000
0.357704,-0.492758,0.258640,-700.000000,-280.000000,140.000000
0.398086,-0.489708,0.276208,-560.000000,-280.000000,140.000000
0.429928,-0.479826,0.289994,-700.000000,-140.000000,280.000000
0.457256,-0.468724,0.305854,-840.000000,0.000000,280.000000
0.481168,-0.466894,0.319030,-840.000000,140.000000,280.000000
0.501908,-0.469334,0.334036,-700.000000,0.000000,280.000000
0.514352,-0.474458,0.354532,-700.000000,-140.000000,280.000000
0.518256,-0.484340,0.372222,-560.000000,-140.000000,0.000000
0.519232,-0.489098,0.395280,-700.000000,0.000000,-280.000000
0.529480,-0.490928,0.428708,-700.000000,420.000000,-560.000000
0.545828,-0.487024,0.470310,-840.000000,560.000000,-420.000000
0.574254,-0.475556,0.510692,-700.000000,560.000000,-140.000000
0.608536,-0.463234,0.541192,-700.000000,560.000000,140.000000
0.634888,-0.463234,0.563518,-560.000000,560.000000,140.000000
0.651602,-0.473970,0.587064,-700.000000,560.000000,140.000000
0.671732,-0.500078,0.603534,-840.000000,560.000000,140.000000
0.693082,-0.541802,0.621468,-840.000000,280.000000,0.000000
0.714188,-0.585234,0.638548,-980.000000,140.000000,-280.000000
0.734806,-0.622810,0.667584,-980.000000,140.000000,-140.000000
0.741394,-0.644404,0.697596,-840.000000,0.000000,0.000000
0.742126,-0.659654,0.715164,-560.000000,0.000000,140.000000
0.748592,-0.668804,0.733098,-560.000000,0.000000,0.000000
0.749934,-0.672708,0.745298,-700.000000,140.000000,0.000000
0.736636,-0.682224,0.746640,-700.000000,420.000000,-140.000000
0.716018,-0.700768,0.745420,-700.000000,700.000000,-140.000000
0.705526,-0.725656,0.735172,-700.000000,840.000000,-140.000000
0.704550,-0.748104,0.727974,-840.000000,700.000000,-140.000000
0.704428,-0.772138,0.730780,-980.000000,560.000000,0.000000
0.706502,-0.798856,0.738954,-980.000000,420.000000,0.000000
0.713090,-0.831796,0.750910,-840.000000,280.000000,0.000000
0.733830,-0.866444,0.773602,-840.000000,280.000000,-140.000000
0.746518,-0.934398,0.821670,-840.000000,140.000000,0.000000
0.749690,-0.969168,0.849242,-980.000000,140.000000,140.000000
0.739320,-0.986248,0.815692,-980.000000,140.000000,140.000000
0.726876,-1.024556,0.809226,-980.000000,280.000000,140.000000
0.725046,-1.064450,0.874130,-980.000000,280.000000,0.000000
0.734318,-1.095926,1.000766,-980.000000,280.000000,-280.000000
0.742736,-1.139114,1.038098,-840.000000,420.000000,-280.000000
0.733098,-1.162538,1.052250,-560.000000,560.000000,0.000000
0.704306,-1.176446,1.097146,-420.000000,420.000000,0.000000
0.658312,-1.176324,1.133746,-420.000000,140.000000,0.000000
0.617320,-1.166320,1.169126,-420.000000,-280.000000,-280.000000
0.592676,-1.162416,1.184132,-560.000000,-280.000000,-280.000000
0.578768,-1.166930,1.188158,-700.000000,-140.000000,-140.000000
0.559614,-1.167906,1.207800,-980.000000,280.000000,-140.000000
0.529968,-1.164978,1.234640,-980.000000,700.000000,0.000000
0.502152,-1.162294,1.258430,-700.000000,840.000000,0.000000
0.482998,-1.157414,1.284050,-560.000000,560.000000,0.000000
0.471652,-1.149118,1.336632,-560.000000,140.000000,0.000000
0.455914,-1.140090,1.394460,-700.000000,-140.000000,-140.000000
0.440176,-1.130940,1.447530,-840.000000,-140.000000,-280.000000
0.429928,-1.130208,1.507066,-840.000000,0.000000,-280.000000
0.419436,-1.124718,1.573068,-700.000000,0.000000,-280.000000
0.408944,-1.125572,1.631140,-700.000000,-140.000000,0.000000
0.397354,-1.127402,1.678720,-700.000000,-140.000000,140.000000
0.386374,-1.125938,1.733254,-700.000000,0.000000,140.000000
0.378932,-1.123498,1.784128,-700.000000,140.000000,0.000000
0.371246,-1.115568,1.829390,-700.000000,280.000000,0.000000
0.365390,-1.098122,1.876726,-700.000000,420.000000,0.000000
0.361486,-1.072014,1.913204,-700.000000,560.000000,140.000000
0.363682,-1.045784,1.951878,-560.000000,420.000000,140.000000
0.370880,-1.026630,1.992626,-420.000000,140.000000,0.000000
0.374540,-1.002474,2.026908,-420.000000,-140.000000,-140.000000
0.379298,-0.979416,2.043866,-560.000000,-280.000000,-280.000000
0.374418,-0.940986,2.062288,-700.000000,0.000000,-140.000000
0.376370,-0.913536,2.075220,-560.000000,140.000000,0.000000
0.433344,-0.927932,2.070462,-560.000000,280.000000,0.000000
0.436394,-0.896822,2.082540,-420.000000,280.000000,-140.000000
0.506666,-0.934154,2.096814,-560.000000,420.000000,-140.000000
0.426146,-0.872666,2.137318,-700.000000,560.000000,-140.000000
0.394060,-0.876814,2.120482,-840.000000,420.000000,0.000000
0.382714,-0.891698,2.158546,-840.000000,280.000000,0.000000
0.366488,-0.905362,2.213324,-840.000000,140.000000,140.000000
0.351360,-0.913048,2.267492,-840.000000,140.000000,140.000000
0.339770,-0.916952,2.329956,-840.000000,280.000000,0.000000
0.321226,-0.915122,2.387418,-840.000000,280.000000,0.000000
0.296826,-0.918904,2.446466,-700.000000,280.000000,140.000000
0.243878,-0.908900,2.499902,-560.000000,140.000000,0.000000
0.181292,-0.903898,2.538820,-420.000000,140.000000,-140.000000
0.124196,-0.907924,2.596770,-420.000000,140.000000,-280.000000
0.077958,-0.914146,2.648132,-420.000000,420.000000,-140.000000
0.033550,-0.911584,2.677290,-560.000000,420.000000,0.000000
-0.009882,-0.903776,2.673752,-560.000000,420.000000,140.000000
-0.050752,-0.898164,2.668506,-700.000000,280.000000,140.000000
-0.085644,-0.890600,2.660332,-840.000000,0.000000,140.000000
-0.110898,-0.884744,2.656428,-840.000000,0.000000,140.000000
-0.129320,-0.875106,2.664236,-700.000000,140.000000,280.000000
-0.152622,-0.854244,2.669482,-560.000000,420.000000,280.000000
-0.174338,-0.829966,2.654354,-560.000000,420.000000,280.000000
-0.195200,-0.802394,2.623000,-700.000000,280.000000,140.000000
-0.208132,-0.781288,2.586034,-840.000000,140.000000,0.000000
-0.232776,-0.764940,2.542846,-840.000000,140.000000,0.000000
-0.264374,-0.749202,2.493314,-700.000000,140.000000,0.000000
-0.299876,-0.734928,2.426946,-560.000000,140.000000,-140.000000
-0.324642,-0.720898,2.344962,-420.000000,0.000000,-140.000000
-0.340624,-0.711138,2.264320,-280.000000,-140.000000,-140.000000
-0.354166,-0.705160,2.184288,-560.000000,0.000000,0.000000
-0.357460,-0.701988,2.096204,-840.000000,140.000000,0.000000
-0.348554,-0.693326,2.015928,-1120.000000,140.000000,0.000000
-0.336842,-0.664412,1.995066,-1120.000000,140.000000,0.000000
-0.298656,-0.642208,1.851594,-980.000000,0.000000,0.000000
-0.246318,-0.605242,1.688968,-840.000000,-140.000000,-140.000000
-0.194468,-0.572180,1.606740,-700.000000,-140.000000,-280.000000
-0.144326,-0.541070,1.514874,-560.000000,0.000000,-280.000000
-0.099552,-0.509716,1.437404,-420.000000,140.000000,-140.000000
-0.075396,-0.474580,1.363960,-280.000000,280.000000,-140.000000
-0.061854,-0.444934,1.299910,-420.000000,420.000000,-140.000000
